2010-01-01 01:30:00	0
2010-01-01 04:30:00	0
2010-01-01 07:30:00	0
2010-01-01 10:30:00	0
2010-01-01 13:30:00	0
2010-01-01 16:30:00	0
2010-01-01 19:30:00	0
2010-01-01 22:30:00	0
2010-01-02 01:30:00	0
2010-01-02 04:30:00	0
2010-01-02 07:30:00	0
2010-01-02 10:30:00	0
2010-01-02 13:30:00	0
2010-01-02 16:30:00	0
2010-01-02 19:30:00	0
2010-01-02 22:30:00	0
2010-01-03 01:30:00	0
2010-01-03 04:30:00	0
2010-01-03 07:30:00	0
2010-01-03 10:30:00	0
2010-01-03 13:30:00	0
2010-01-03 16:30:00	0
2010-01-03 19:30:00	0
2010-01-03 22:30:00	0
2010-01-04 01:30:00	0
2010-01-04 04:30:00	0
2010-01-04 07:30:00	0
2010-01-04 10:30:00	0
2010-01-04 13:30:00	0
2010-01-04 16:30:00	0
2010-01-04 19:30:00	0
2010-01-04 22:30:00	0
2010-01-05 01:30:00	0
2010-01-05 04:30:00	0
2010-01-05 07:30:00	0
2010-01-05 10:30:00	0
2010-01-05 13:30:00	0
2010-01-05 16:30:00	0
2010-01-05 19:30:00	0
2010-01-05 22:30:00	0
2010-01-06 01:30:00	0
2010-01-06 04:30:00	0
2010-01-06 07:30:00	0
2010-01-06 10:30:00	0
2010-01-06 13:30:00	0
2010-01-06 16:30:00	0
2010-01-06 19:30:00	0
2010-01-06 22:30:00	0
2010-01-07 01:30:00	0
2010-01-07 04:30:00	0
2010-01-07 07:30:00	0
2010-01-07 10:30:00	0
2010-01-07 13:30:00	0
2010-01-07 16:30:00	0
2010-01-07 19:30:00	0
2010-01-07 22:30:00	0
2010-01-08 01:30:00	0
2010-01-08 04:30:00	0
2010-01-08 07:30:00	0
2010-01-08 10:30:00	0
2010-01-08 13:30:00	0
2010-01-08 16:30:00	0
2010-01-08 19:30:00	0
2010-01-08 22:30:00	0
2010-01-09 01:30:00	0
2010-01-09 04:30:00	0
2010-01-09 07:30:00	0
2010-01-09 10:30:00	0
2010-01-09 13:30:00	0
2010-01-09 16:30:00	0
2010-01-09 19:30:00	0
2010-01-09 22:30:00	0
2010-01-10 01:30:00	0
2010-01-10 04:30:00	0
2010-01-10 07:30:00	0
2010-01-10 10:30:00	0
2010-01-10 13:30:00	0
2010-01-10 16:30:00	0
2010-01-10 19:30:00	0
2010-01-10 22:30:00	0
2010-01-11 01:30:00	0
2010-01-11 04:30:00	0
2010-01-11 07:30:00	0
2010-01-11 10:30:00	0
2010-01-11 13:30:00	0
2010-01-11 16:30:00	0
2010-01-11 19:30:00	0
2010-01-11 22:30:00	0
2010-01-12 01:30:00	0
2010-01-12 04:30:00	0
2010-01-12 07:30:00	0
2010-01-12 10:30:00	0
2010-01-12 13:30:00	0
2010-01-12 16:30:00	0
2010-01-12 19:30:00	0
2010-01-12 22:30:00	0
2010-01-13 01:30:00	0
2010-01-13 04:30:00	0
2010-01-13 07:30:00	0
2010-01-13 10:30:00	0
2010-01-13 13:30:00	0
2010-01-13 16:30:00	0
2010-01-13 19:30:00	0
2010-01-13 22:30:00	0
2010-01-14 01:30:00	0
2010-01-14 04:30:00	0
2010-01-14 07:30:00	0
2010-01-14 10:30:00	0
2010-01-14 13:30:00	0
2010-01-14 16:30:00	0
2010-01-14 19:30:00	0
2010-01-14 22:30:00	0
2010-01-15 01:30:00	0
2010-01-15 04:30:00	0
2010-01-15 07:30:00	0
2010-01-15 10:30:00	0
2010-01-15 13:30:00	0
2010-01-15 16:30:00	0
2010-01-15 19:30:00	0
2010-01-15 22:30:00	0
2010-01-16 01:30:00	0
2010-01-16 04:30:00	0
2010-01-16 07:30:00	0
2010-01-16 10:30:00	0
2010-01-16 13:30:00	0
2010-01-16 16:30:00	0
2010-01-16 19:30:00	0
2010-01-16 22:30:00	0
2010-01-17 01:30:00	0
2010-01-17 04:30:00	0
2010-01-17 07:30:00	0
2010-01-17 10:30:00	0
2010-01-17 13:30:00	0
2010-01-17 16:30:00	0
2010-01-17 19:30:00	0
2010-01-17 22:30:00	0
2010-01-18 01:30:00	0
2010-01-18 04:30:00	0
2010-01-18 07:30:00	0
2010-01-18 10:30:00	0
2010-01-18 13:30:00	0
2010-01-18 16:30:00	0
2010-01-18 19:30:00	0
2010-01-18 22:30:00	0
2010-01-19 01:30:00	0
2010-01-19 04:30:00	0
2010-01-19 07:30:00	0
2010-01-19 10:30:00	0
2010-01-19 13:30:00	0
2010-01-19 16:30:00	0
2010-01-19 19:30:00	0
2010-01-19 22:30:00	0
2010-01-20 01:30:00	0
2010-01-20 04:30:00	0
2010-01-20 07:30:00	0
2010-01-20 10:30:00	0
2010-01-20 13:30:00	0
2010-01-20 16:30:00	0
2010-01-20 19:30:00	0
2010-01-20 22:30:00	0
2010-01-21 01:30:00	0
2010-01-21 04:30:00	0
2010-01-21 07:30:00	0
2010-01-21 10:30:00	0
2010-01-21 13:30:00	0
2010-01-21 16:30:00	0
2010-01-21 19:30:00	0
2010-01-21 22:30:00	0
2010-01-22 01:30:00	0
2010-01-22 04:30:00	0
2010-01-22 07:30:00	0
2010-01-22 10:30:00	0
2010-01-22 13:30:00	0
2010-01-22 16:30:00	0
2010-01-22 19:30:00	0
2010-01-22 22:30:00	0
2010-01-23 01:30:00	0
2010-01-23 04:30:00	0
2010-01-23 07:30:00	0
2010-01-23 10:30:00	0
2010-01-23 13:30:00	0
2010-01-23 16:30:00	0
2010-01-23 19:30:00	0
2010-01-23 22:30:00	0
2010-01-24 01:30:00	0
2010-01-24 04:30:00	0
2010-01-24 07:30:00	0
2010-01-24 10:30:00	0
2010-01-24 13:30:00	0
2010-01-24 16:30:00	0
2010-01-24 19:30:00	0
2010-01-24 22:30:00	0
2010-01-25 01:30:00	0
2010-01-25 04:30:00	0
2010-01-25 07:30:00	0
2010-01-25 10:30:00	0
2010-01-25 13:30:00	0
2010-01-25 16:30:00	0
2010-01-25 19:30:00	0
2010-01-25 22:30:00	0
2010-01-26 01:30:00	0
2010-01-26 04:30:00	0
2010-01-26 07:30:00	0
2010-01-26 10:30:00	0
2010-01-26 13:30:00	0
2010-01-26 16:30:00	0
2010-01-26 19:30:00	0
2010-01-26 22:30:00	0
2010-01-27 01:30:00	0
2010-01-27 04:30:00	0
2010-01-27 07:30:00	0
2010-01-27 10:30:00	0
2010-01-27 13:30:00	0
2010-01-27 16:30:00	0
2010-01-27 19:30:00	0
2010-01-27 22:30:00	0
2010-01-28 01:30:00	0
2010-01-28 04:30:00	0
2010-01-28 07:30:00	0
2010-01-28 10:30:00	0
2010-01-28 13:30:00	0
2010-01-28 16:30:00	0
2010-01-28 19:30:00	0
2010-01-28 22:30:00	0
2010-01-29 01:30:00	0
2010-01-29 04:30:00	0
2010-01-29 07:30:00	0
2010-01-29 10:30:00	0
2010-01-29 13:30:00	0
2010-01-29 16:30:00	0
2010-01-29 19:30:00	0
2010-01-29 22:30:00	0
2010-01-30 01:30:00	0
2010-01-30 04:30:00	0
2010-01-30 07:30:00	0
2010-01-30 10:30:00	0
2010-01-30 13:30:00	0
2010-01-30 16:30:00	0
2010-01-30 19:30:00	0
2010-01-30 22:30:00	0
2010-01-31 01:30:00	0
2010-01-31 04:30:00	0
2010-01-31 07:30:00	0
2010-01-31 10:30:00	0
2010-01-31 13:30:00	0
2010-01-31 16:30:00	0
2010-01-31 19:30:00	0
2010-01-31 22:30:00	0
2010-02-01 01:30:00	0
2010-02-01 04:30:00	0
2010-02-01 07:30:00	0
2010-02-01 10:30:00	0
2010-02-01 13:30:00	0
2010-02-01 16:30:00	0
2010-02-01 19:30:00	0
2010-02-01 22:30:00	0
2010-02-02 01:30:00	0
2010-02-02 04:30:00	0
2010-02-02 07:30:00	0
2010-02-02 10:30:00	0
2010-02-02 13:30:00	0
2010-02-02 16:30:00	0
2010-02-02 19:30:00	0
2010-02-02 22:30:00	0
2010-02-03 01:30:00	0
2010-02-03 04:30:00	0
2010-02-03 07:30:00	0
2010-02-03 10:30:00	0
2010-02-03 13:30:00	0
2010-02-03 16:30:00	0
2010-02-03 19:30:00	0
2010-02-03 22:30:00	0
2010-02-04 01:30:00	0
2010-02-04 04:30:00	0
2010-02-04 07:30:00	0
2010-02-04 10:30:00	0
2010-02-04 13:30:00	0
2010-02-04 16:30:00	0
2010-02-04 19:30:00	0
2010-02-04 22:30:00	0
2010-02-05 01:30:00	0
2010-02-05 04:30:00	0
2010-02-05 07:30:00	0
2010-02-05 10:30:00	0
2010-02-05 13:30:00	0
2010-02-05 16:30:00	0
2010-02-05 19:30:00	0
2010-02-05 22:30:00	0
2010-02-06 01:30:00	0
2010-02-06 04:30:00	0
2010-02-06 07:30:00	0
2010-02-06 10:30:00	0
2010-02-06 13:30:00	0
2010-02-06 16:30:00	0
2010-02-06 19:30:00	0
2010-02-06 22:30:00	0
2010-02-07 01:30:00	0
2010-02-07 04:30:00	0
2010-02-07 07:30:00	0
2010-02-07 10:30:00	0
2010-02-07 13:30:00	0
2010-02-07 16:30:00	0
2010-02-07 19:30:00	0
2010-02-07 22:30:00	0
2010-02-08 01:30:00	0
2010-02-08 04:30:00	0
2010-02-08 07:30:00	0
2010-02-08 10:30:00	0
2010-02-08 13:30:00	0
2010-02-08 16:30:00	0
2010-02-08 19:30:00	0
2010-02-08 22:30:00	0
2010-02-09 01:30:00	0
2010-02-09 04:30:00	0
2010-02-09 07:30:00	0
2010-02-09 10:30:00	0
2010-02-09 13:30:00	0
2010-02-09 16:30:00	0
2010-02-09 19:30:00	0
2010-02-09 22:30:00	0
2010-02-10 01:30:00	0
2010-02-10 04:30:00	0
2010-02-10 07:30:00	0
2010-02-10 10:30:00	0
2010-02-10 13:30:00	0
2010-02-10 16:30:00	0
2010-02-10 19:30:00	2.52255
2010-02-10 22:30:00	0
2010-02-11 01:30:00	0
2010-02-11 04:30:00	0
2010-02-11 07:30:00	0
2010-02-11 10:30:00	0
2010-02-11 13:30:00	0
2010-02-11 16:30:00	1.19871
2010-02-11 19:30:00	4.19859
2010-02-11 22:30:00	0
2010-02-12 01:30:00	0
2010-02-12 04:30:00	0
2010-02-12 07:30:00	0
2010-02-12 10:30:00	0
2010-02-12 13:30:00	0
2010-02-12 16:30:00	2.00507
2010-02-12 19:30:00	5.90398
2010-02-12 22:30:00	0
2010-02-13 01:30:00	0
2010-02-13 04:30:00	0
2010-02-13 07:30:00	0
2010-02-13 10:30:00	0
2010-02-13 13:30:00	0
2010-02-13 16:30:00	2.74963
2010-02-13 19:30:00	8.08668
2010-02-13 22:30:00	0
2010-02-14 01:30:00	0
2010-02-14 04:30:00	0
2010-02-14 07:30:00	0
2010-02-14 10:30:00	0
2010-02-14 13:30:00	0
2010-02-14 16:30:00	4.26965
2010-02-14 19:30:00	10.9058
2010-02-14 22:30:00	0
2010-02-15 01:30:00	0
2010-02-15 04:30:00	0
2010-02-15 07:30:00	0
2010-02-15 10:30:00	0
2010-02-15 13:30:00	0
2010-02-15 16:30:00	5.59426
2010-02-15 19:30:00	13.2024
2010-02-15 22:30:00	0
2010-02-16 01:30:00	0
2010-02-16 04:30:00	0
2010-02-16 07:30:00	0
2010-02-16 10:30:00	0
2010-02-16 13:30:00	0
2010-02-16 16:30:00	7.33716
2010-02-16 19:30:00	16.5902
2010-02-16 22:30:00	0
2010-02-17 01:30:00	0
2010-02-17 04:30:00	0
2010-02-17 07:30:00	0
2010-02-17 10:30:00	0
2010-02-17 13:30:00	0
2010-02-17 16:30:00	9.44514
2010-02-17 19:30:00	20.021
2010-02-17 22:30:00	0
2010-02-18 01:30:00	0
2010-02-18 04:30:00	0
2010-02-18 07:30:00	0
2010-02-18 10:30:00	0
2010-02-18 13:30:00	0
2010-02-18 16:30:00	12.0874
2010-02-18 19:30:00	24.9274
2010-02-18 22:30:00	0
2010-02-19 01:30:00	0
2010-02-19 04:30:00	0
2010-02-19 07:30:00	0
2010-02-19 10:30:00	0
2010-02-19 13:30:00	0
2010-02-19 16:30:00	14.7615
2010-02-19 19:30:00	29.2994
2010-02-19 22:30:00	0.552494
2010-02-20 01:30:00	0
2010-02-20 04:30:00	0
2010-02-20 07:30:00	0
2010-02-20 10:30:00	0
2010-02-20 13:30:00	0
2010-02-20 16:30:00	18.1963
2010-02-20 19:30:00	34.2909
2010-02-20 22:30:00	1.00714
2010-02-21 01:30:00	0
2010-02-21 04:30:00	0
2010-02-21 07:30:00	0
2010-02-21 10:30:00	0
2010-02-21 13:30:00	0
2010-02-21 16:30:00	20.0589
2010-02-21 19:30:00	35.2981
2010-02-21 22:30:00	1.53135
2010-02-22 01:30:00	0
2010-02-22 04:30:00	0
2010-02-22 07:30:00	0
2010-02-22 10:30:00	0
2010-02-22 13:30:00	0
2010-02-22 16:30:00	25.078
2010-02-22 19:30:00	43.5683
2010-02-22 22:30:00	2.18659
2010-02-23 01:30:00	0
2010-02-23 04:30:00	0
2010-02-23 07:30:00	0
2010-02-23 10:30:00	0
2010-02-23 13:30:00	0
2010-02-23 16:30:00	24.3137
2010-02-23 19:30:00	40.0726
2010-02-23 22:30:00	2.78802
2010-02-24 01:30:00	0
2010-02-24 04:30:00	0
2010-02-24 07:30:00	0
2010-02-24 10:30:00	0
2010-02-24 13:30:00	0
2010-02-24 16:30:00	28.5163
2010-02-24 19:30:00	45.8813
2010-02-24 22:30:00	3.81767
2010-02-25 01:30:00	0
2010-02-25 04:30:00	0
2010-02-25 07:30:00	0
2010-02-25 10:30:00	0
2010-02-25 13:30:00	0
2010-02-25 16:30:00	33.1486
2010-02-25 19:30:00	54.6303
2010-02-25 22:30:00	4.95294
2010-02-26 01:30:00	0
2010-02-26 04:30:00	0
2010-02-26 07:30:00	0
2010-02-26 10:30:00	0
2010-02-26 13:30:00	0
2010-02-26 16:30:00	39.3528
2010-02-26 19:30:00	60.6768
2010-02-26 22:30:00	6.04379
2010-02-27 01:30:00	0
2010-02-27 04:30:00	0
2010-02-27 07:30:00	0
2010-02-27 10:30:00	0
2010-02-27 13:30:00	0
2010-02-27 16:30:00	44.414
2010-02-27 19:30:00	66.2828
2010-02-27 22:30:00	7.81629
2010-02-28 01:30:00	0
2010-02-28 04:30:00	0
2010-02-28 07:30:00	0
2010-02-28 10:30:00	0
2010-02-28 13:30:00	0.484238
2010-02-28 16:30:00	48.9554
2010-02-28 19:30:00	71.1525
2010-02-28 22:30:00	9.39043
2010-03-01 01:30:00	0
2010-03-01 04:30:00	0
2010-03-01 07:30:00	0
2010-03-01 10:30:00	0
2010-03-01 13:30:00	0.780036
2010-03-01 16:30:00	53.9127
2010-03-01 19:30:00	76.6976
2010-03-01 22:30:00	11.3786
2010-03-02 01:30:00	0
2010-03-02 04:30:00	0
2010-03-02 07:30:00	0
2010-03-02 10:30:00	0
2010-03-02 13:30:00	1.35131
2010-03-02 16:30:00	58.1897
2010-03-02 19:30:00	80.8438
2010-03-02 22:30:00	12.9863
2010-03-03 01:30:00	0
2010-03-03 04:30:00	0
2010-03-03 07:30:00	0
2010-03-03 10:30:00	0
2010-03-03 13:30:00	1.84788
2010-03-03 16:30:00	62.0374
2010-03-03 19:30:00	85.1099
2010-03-03 22:30:00	14.9094
2010-03-04 01:30:00	0
2010-03-04 04:30:00	0
2010-03-04 07:30:00	0
2010-03-04 10:30:00	0
2010-03-04 13:30:00	2.54552
2010-03-04 16:30:00	68.6817
2010-03-04 19:30:00	92.2896
2010-03-04 22:30:00	17.7166
2010-03-05 01:30:00	0
2010-03-05 04:30:00	0
2010-03-05 07:30:00	0
2010-03-05 10:30:00	0
2010-03-05 13:30:00	3.53001
2010-03-05 16:30:00	72.1523
2010-03-05 19:30:00	94.7334
2010-03-05 22:30:00	19.1439
2010-03-06 01:30:00	0
2010-03-06 04:30:00	0
2010-03-06 07:30:00	0
2010-03-06 10:30:00	0
2010-03-06 13:30:00	4.2814
2010-03-06 16:30:00	77.7153
2010-03-06 19:30:00	101.336
2010-03-06 22:30:00	22.0834
2010-03-07 01:30:00	0
2010-03-07 04:30:00	0
2010-03-07 07:30:00	0
2010-03-07 10:30:00	0
2010-03-07 13:30:00	5.34456
2010-03-07 16:30:00	82.566
2010-03-07 19:30:00	106.468
2010-03-07 22:30:00	24.7814
2010-03-08 01:30:00	0
2010-03-08 04:30:00	0
2010-03-08 07:30:00	0
2010-03-08 10:30:00	0
2010-03-08 13:30:00	6.66901
2010-03-08 16:30:00	88.7787
2010-03-08 19:30:00	112.553
2010-03-08 22:30:00	28.0121
2010-03-09 01:30:00	0
2010-03-09 04:30:00	0
2010-03-09 07:30:00	0
2010-03-09 10:30:00	0
2010-03-09 13:30:00	8.32655
2010-03-09 16:30:00	85.6768
2010-03-09 19:30:00	104.853
2010-03-09 22:30:00	28.9886
2010-03-10 01:30:00	0
2010-03-10 04:30:00	0
2010-03-10 07:30:00	0
2010-03-10 10:30:00	0
2010-03-10 13:30:00	9.00203
2010-03-10 16:30:00	86.8605
2010-03-10 19:30:00	111.656
2010-03-10 22:30:00	32.0585
2010-03-11 01:30:00	0
2010-03-11 04:30:00	0
2010-03-11 07:30:00	0
2010-03-11 10:30:00	0
2010-03-11 13:30:00	11.336
2010-03-11 16:30:00	99.5521
2010-03-11 19:30:00	122.07
2010-03-11 22:30:00	35.724
2010-03-12 01:30:00	0
2010-03-12 04:30:00	0
2010-03-12 07:30:00	0
2010-03-12 10:30:00	0
2010-03-12 13:30:00	14.2208
2010-03-12 16:30:00	110.917
2010-03-12 19:30:00	133.695
2010-03-12 22:30:00	41.2799
2010-03-13 01:30:00	0
2010-03-13 04:30:00	0
2010-03-13 07:30:00	0
2010-03-13 10:30:00	0
2010-03-13 13:30:00	15.7224
2010-03-13 16:30:00	112.745
2010-03-13 19:30:00	134.919
2010-03-13 22:30:00	43.0941
2010-03-14 01:30:00	0
2010-03-14 04:30:00	0
2010-03-14 07:30:00	0
2010-03-14 10:30:00	0
2010-03-14 13:30:00	17.4476
2010-03-14 16:30:00	111.666
2010-03-14 19:30:00	130.011
2010-03-14 22:30:00	44.5338
2010-03-15 01:30:00	0
2010-03-15 04:30:00	0
2010-03-15 07:30:00	0
2010-03-15 10:30:00	0
2010-03-15 13:30:00	19.9346
2010-03-15 16:30:00	121.866
2010-03-15 19:30:00	144.251
2010-03-15 22:30:00	50.4524
2010-03-16 01:30:00	0
2010-03-16 04:30:00	0
2010-03-16 07:30:00	0
2010-03-16 10:30:00	0
2010-03-16 13:30:00	21.3793
2010-03-16 16:30:00	117.605
2010-03-16 19:30:00	134.448
2010-03-16 22:30:00	50.5786
2010-03-17 01:30:00	0
2010-03-17 04:30:00	0
2010-03-17 07:30:00	0
2010-03-17 10:30:00	0
2010-03-17 13:30:00	26.209
2010-03-17 16:30:00	137.044
2010-03-17 19:30:00	160.397
2010-03-17 22:30:00	61.1749
2010-03-18 01:30:00	0.015935
2010-03-18 04:30:00	0
2010-03-18 07:30:00	0
2010-03-18 10:30:00	0
2010-03-18 13:30:00	29.774
2010-03-18 16:30:00	143.783
2010-03-18 19:30:00	166.871
2010-03-18 22:30:00	65.8727
2010-03-19 01:30:00	0.344904
2010-03-19 04:30:00	0
2010-03-19 07:30:00	0
2010-03-19 10:30:00	0
2010-03-19 13:30:00	33.3187
2010-03-19 16:30:00	151.158
2010-03-19 19:30:00	174.876
2010-03-19 22:30:00	71.2696
2010-03-20 01:30:00	0.578538
2010-03-20 04:30:00	0
2010-03-20 07:30:00	0
2010-03-20 10:30:00	0
2010-03-20 13:30:00	36.5207
2010-03-20 16:30:00	156.179
2010-03-20 19:30:00	180.099
2010-03-20 22:30:00	75.8834
2010-03-21 01:30:00	0.835791
2010-03-21 04:30:00	0
2010-03-21 07:30:00	0
2010-03-21 10:30:00	0
2010-03-21 13:30:00	38.1577
2010-03-21 16:30:00	154.323
2010-03-21 19:30:00	179.195
2010-03-21 22:30:00	78.5171
2010-03-22 01:30:00	1.27334
2010-03-22 04:30:00	0
2010-03-22 07:30:00	0
2010-03-22 10:30:00	0
2010-03-22 13:30:00	45.2742
2010-03-22 16:30:00	170.945
2010-03-22 19:30:00	193.523
2010-03-22 22:30:00	85.82
2010-03-23 01:30:00	1.82483
2010-03-23 04:30:00	0
2010-03-23 07:30:00	0
2010-03-23 10:30:00	0
2010-03-23 13:30:00	47.5104
2010-03-23 16:30:00	171.743
2010-03-23 19:30:00	192.038
2010-03-23 22:30:00	88.5563
2010-03-24 01:30:00	2.31155
2010-03-24 04:30:00	0
2010-03-24 07:30:00	0
2010-03-24 10:30:00	0
2010-03-24 13:30:00	49.096
2010-03-24 16:30:00	168
2010-03-24 19:30:00	190.305
2010-03-24 22:30:00	90.7645
2010-03-25 01:30:00	3.01224
2010-03-25 04:30:00	0
2010-03-25 07:30:00	0
2010-03-25 10:30:00	0
2010-03-25 13:30:00	52.9955
2010-03-25 16:30:00	162.8
2010-03-25 19:30:00	176.664
2010-03-25 22:30:00	86.3739
2010-03-26 01:30:00	3.58725
2010-03-26 04:30:00	0
2010-03-26 07:30:00	0
2010-03-26 10:30:00	0
2010-03-26 13:30:00	63.296
2010-03-26 16:30:00	198.195
2010-03-26 19:30:00	220.465
2010-03-26 22:30:00	104.119
2010-03-27 01:30:00	4.78052
2010-03-27 04:30:00	0
2010-03-27 07:30:00	0
2010-03-27 10:30:00	0
2010-03-27 13:30:00	66.6838
2010-03-27 16:30:00	198.589
2010-03-27 19:30:00	219.188
2010-03-27 22:30:00	97.5019
2010-03-28 01:30:00	5.03142
2010-03-28 04:30:00	0
2010-03-28 07:30:00	0
2010-03-28 10:30:00	0.27873
2010-03-28 13:30:00	49.9634
2010-03-28 16:30:00	144.186
2010-03-28 19:30:00	163.514
2010-03-28 22:30:00	78.8156
2010-03-29 01:30:00	5.00163
2010-03-29 04:30:00	0
2010-03-29 07:30:00	0
2010-03-29 10:30:00	0.660446
2010-03-29 13:30:00	79.0467
2010-03-29 16:30:00	217.867
2010-03-29 19:30:00	237.891
2010-03-29 22:30:00	124.278
2010-03-30 01:30:00	8.52673
2010-03-30 04:30:00	0
2010-03-30 07:30:00	0
2010-03-30 10:30:00	1.06073
2010-03-30 13:30:00	83.6657
2010-03-30 16:30:00	225.098
2010-03-30 19:30:00	248.31
2010-03-30 22:30:00	130.684
2010-03-31 01:30:00	9.84635
2010-03-31 04:30:00	0
2010-03-31 07:30:00	0
2010-03-31 10:30:00	1.68004
2010-03-31 13:30:00	87.2579
2010-03-31 16:30:00	221.207
2010-03-31 19:30:00	232.033
2010-03-31 22:30:00	119.56
2010-04-01 01:30:00	10.6029
2010-04-01 04:30:00	0
2010-04-01 07:30:00	0
2010-04-01 10:30:00	2.14989
2010-04-01 13:30:00	90.1901
2010-04-01 16:30:00	224.189
2010-04-01 19:30:00	242.11
2010-04-01 22:30:00	131.011
2010-04-02 01:30:00	12.8543
2010-04-02 04:30:00	0
2010-04-02 07:30:00	0
2010-04-02 10:30:00	2.91618
2010-04-02 13:30:00	97.4953
2010-04-02 16:30:00	239.681
2010-04-02 19:30:00	264.991
2010-04-02 22:30:00	146.953
2010-04-03 01:30:00	14.9522
2010-04-03 04:30:00	0
2010-04-03 07:30:00	0
2010-04-03 10:30:00	3.90462
2010-04-03 13:30:00	105.394
2010-04-03 16:30:00	250.783
2010-04-03 19:30:00	274.241
2010-04-03 22:30:00	153.226
2010-04-04 01:30:00	17.0862
2010-04-04 04:30:00	0
2010-04-04 07:30:00	0
2010-04-04 10:30:00	4.63755
2010-04-04 13:30:00	113.288
2010-04-04 16:30:00	261.214
2010-04-04 19:30:00	283.696
2010-04-04 22:30:00	160.576
2010-04-05 01:30:00	19.5397
2010-04-05 04:30:00	0
2010-04-05 07:30:00	0
2010-04-05 10:30:00	5.70413
2010-04-05 13:30:00	109.945
2010-04-05 16:30:00	262.386
2010-04-05 19:30:00	285.395
2010-04-05 22:30:00	155.934
2010-04-06 01:30:00	19.5079
2010-04-06 04:30:00	0
2010-04-06 07:30:00	0
2010-04-06 10:30:00	6.58594
2010-04-06 13:30:00	121.149
2010-04-06 16:30:00	270.17
2010-04-06 19:30:00	292.702
2010-04-06 22:30:00	167.909
2010-04-07 01:30:00	23.3484
2010-04-07 04:30:00	0
2010-04-07 07:30:00	0
2010-04-07 10:30:00	8.41468
2010-04-07 13:30:00	128.532
2010-04-07 16:30:00	278.593
2010-04-07 19:30:00	288.346
2010-04-07 22:30:00	160.414
2010-04-08 01:30:00	24.4278
2010-04-08 04:30:00	0
2010-04-08 07:30:00	0
2010-04-08 10:30:00	9.89564
2010-04-08 13:30:00	125.055
2010-04-08 16:30:00	263.561
2010-04-08 19:30:00	282.96
2010-04-08 22:30:00	163.073
2010-04-09 01:30:00	27.2534
2010-04-09 04:30:00	0
2010-04-09 07:30:00	0
2010-04-09 10:30:00	12.1988
2010-04-09 13:30:00	142.42
2010-04-09 16:30:00	290.374
2010-04-09 19:30:00	312.871
2010-04-09 22:30:00	187.115
2010-04-10 01:30:00	32.7522
2010-04-10 04:30:00	0
2010-04-10 07:30:00	0
2010-04-10 10:30:00	14.689
2010-04-10 13:30:00	150.408
2010-04-10 16:30:00	297.523
2010-04-10 19:30:00	316.363
2010-04-10 22:30:00	189.733
2010-04-11 01:30:00	35.9201
2010-04-11 04:30:00	0
2010-04-11 07:30:00	0
2010-04-11 10:30:00	16.5005
2010-04-11 13:30:00	158.124
2010-04-11 16:30:00	312.35
2010-04-11 19:30:00	329.11
2010-04-11 22:30:00	195.019
2010-04-12 01:30:00	38.2265
2010-04-12 04:30:00	0
2010-04-12 07:30:00	0
2010-04-12 10:30:00	19.4485
2010-04-12 13:30:00	167.844
2010-04-12 16:30:00	325.065
2010-04-12 19:30:00	345.901
2010-04-12 22:30:00	211.861
2010-04-13 01:30:00	43.2194
2010-04-13 04:30:00	0
2010-04-13 07:30:00	0
2010-04-13 10:30:00	21.0205
2010-04-13 13:30:00	160.082
2010-04-13 16:30:00	296.93
2010-04-13 19:30:00	308.892
2010-04-13 22:30:00	187.165
2010-04-14 01:30:00	40.192
2010-04-14 04:30:00	0
2010-04-14 07:30:00	0
2010-04-14 10:30:00	18.9045
2010-04-14 13:30:00	116.151
2010-04-14 16:30:00	227.49
2010-04-14 19:30:00	229.45
2010-04-14 22:30:00	129.825
2010-04-15 01:30:00	29.2712
2010-04-15 04:30:00	0
2010-04-15 07:30:00	0
2010-04-15 10:30:00	17.972
2010-04-15 13:30:00	108.62
2010-04-15 16:30:00	213.287
2010-04-15 19:30:00	241.864
2010-04-15 22:30:00	160.736
2010-04-16 01:30:00	40.1182
2010-04-16 04:30:00	0
2010-04-16 07:30:00	0
2010-04-16 10:30:00	26.0279
2010-04-16 13:30:00	157.969
2010-04-16 16:30:00	312.374
2010-04-16 19:30:00	345.255
2010-04-16 22:30:00	217.223
2010-04-17 01:30:00	54.1716
2010-04-17 04:30:00	0
2010-04-17 07:30:00	0
2010-04-17 10:30:00	32.6614
2010-04-17 13:30:00	195.2
2010-04-17 16:30:00	357.026
2010-04-17 19:30:00	367.689
2010-04-17 22:30:00	233.902
2010-04-18 01:30:00	60.0037
2010-04-18 04:30:00	0.0229471
2010-04-18 07:30:00	0
2010-04-18 10:30:00	37.0251
2010-04-18 13:30:00	203.153
2010-04-18 16:30:00	364.082
2010-04-18 19:30:00	382.162
2010-04-18 22:30:00	241.307
2010-04-19 01:30:00	65.4076
2010-04-19 04:30:00	0.503013
2010-04-19 07:30:00	0
2010-04-19 10:30:00	41.215
2010-04-19 13:30:00	209.533
2010-04-19 16:30:00	370.59
2010-04-19 19:30:00	389.584
2010-04-19 22:30:00	253.748
2010-04-20 01:30:00	71.6593
2010-04-20 04:30:00	0.882912
2010-04-20 07:30:00	0
2010-04-20 10:30:00	45.1369
2010-04-20 13:30:00	216.455
2010-04-20 16:30:00	374.453
2010-04-20 19:30:00	394.483
2010-04-20 22:30:00	257.545
2010-04-21 01:30:00	72.8602
2010-04-21 04:30:00	1.40081
2010-04-21 07:30:00	0
2010-04-21 10:30:00	43.9985
2010-04-21 13:30:00	186.515
2010-04-21 16:30:00	291.468
2010-04-21 19:30:00	329.588
2010-04-21 22:30:00	242.573
2010-04-22 01:30:00	78.7012
2010-04-22 04:30:00	1.81452
2010-04-22 07:30:00	0
2010-04-22 10:30:00	50.9974
2010-04-22 13:30:00	223.728
2010-04-22 16:30:00	382.009
2010-04-22 19:30:00	396.752
2010-04-22 22:30:00	261.523
2010-04-23 01:30:00	83.4875
2010-04-23 04:30:00	2.59303
2010-04-23 07:30:00	0
2010-04-23 10:30:00	57.3421
2010-04-23 13:30:00	232.984
2010-04-23 16:30:00	390.574
2010-04-23 19:30:00	407.679
2010-04-23 22:30:00	222.411
2010-04-24 01:30:00	88.2979
2010-04-24 04:30:00	3.25651
2010-04-24 07:30:00	0.680465
2010-04-24 10:30:00	60.4018
2010-04-24 13:30:00	236.185
2010-04-24 16:30:00	394.762
2010-04-24 19:30:00	399.988
2010-04-24 22:30:00	241.367
2010-04-25 01:30:00	82.2182
2010-04-25 04:30:00	3.97713
2010-04-25 07:30:00	1.14065
2010-04-25 10:30:00	63.9109
2010-04-25 13:30:00	239.663
2010-04-25 16:30:00	378.279
2010-04-25 19:30:00	358.065
2010-04-25 22:30:00	227.144
2010-04-26 01:30:00	77.0027
2010-04-26 04:30:00	4.96371
2010-04-26 07:30:00	1.62396
2010-04-26 10:30:00	52.7222
2010-04-26 13:30:00	189.125
2010-04-26 16:30:00	307.592
2010-04-26 19:30:00	315.834
2010-04-26 22:30:00	205.778
2010-04-27 01:30:00	75.9815
2010-04-27 04:30:00	5.51847
2010-04-27 07:30:00	2.03726
2010-04-27 10:30:00	58.2866
2010-04-27 13:30:00	211.162
2010-04-27 16:30:00	370.55
2010-04-27 19:30:00	396.875
2010-04-27 22:30:00	258.375
2010-04-28 01:30:00	89.9113
2010-04-28 04:30:00	7.58583
2010-04-28 07:30:00	3.06093
2010-04-28 10:30:00	66.7683
2010-04-28 13:30:00	230.004
2010-04-28 16:30:00	378.7
2010-04-28 19:30:00	372.77
2010-04-28 22:30:00	235.432
2010-04-29 01:30:00	82.7058
2010-04-29 04:30:00	8.47413
2010-04-29 07:30:00	3.72643
2010-04-29 10:30:00	72.894
2010-04-29 13:30:00	263.225
2010-04-29 16:30:00	421.07
2010-04-29 19:30:00	439.936
2010-04-29 22:30:00	303.811
2010-04-30 01:30:00	115.134
2010-04-30 04:30:00	11.4452
2010-04-30 07:30:00	5.75119
2010-04-30 10:30:00	86.2945
2010-04-30 13:30:00	271.058
2010-04-30 16:30:00	431.555
2010-04-30 19:30:00	448.733
2010-04-30 22:30:00	311.968
2010-05-01 01:30:00	120.548
2010-05-01 04:30:00	13.8746
2010-05-01 07:30:00	7.13369
2010-05-01 10:30:00	76.5682
2010-05-01 13:30:00	238.479
2010-05-01 16:30:00	392.59
2010-05-01 19:30:00	416.869
2010-05-01 22:30:00	264.58
2010-05-02 01:30:00	99.6022
2010-05-02 04:30:00	15.8248
2010-05-02 07:30:00	8.76818
2010-05-02 10:30:00	95.013
2010-05-02 13:30:00	282.009
2010-05-02 16:30:00	440.048
2010-05-02 19:30:00	434.352
2010-05-02 22:30:00	295.188
2010-05-03 01:30:00	116.639
2010-05-03 04:30:00	18.9056
2010-05-03 07:30:00	11.9556
2010-05-03 10:30:00	102.037
2010-05-03 13:30:00	291.046
2010-05-03 16:30:00	450.194
2010-05-03 19:30:00	443.443
2010-05-03 22:30:00	307.611
2010-05-04 01:30:00	128.492
2010-05-04 04:30:00	21.1018
2010-05-04 07:30:00	13.3033
2010-05-04 10:30:00	89.7943
2010-05-04 13:30:00	263.293
2010-05-04 16:30:00	404.704
2010-05-04 19:30:00	416.654
2010-05-04 22:30:00	267.77
2010-05-05 01:30:00	102.316
2010-05-05 04:30:00	20.4284
2010-05-05 07:30:00	15.5183
2010-05-05 10:30:00	95.4825
2010-05-05 13:30:00	278.91
2010-05-05 16:30:00	422.585
2010-05-05 19:30:00	426.703
2010-05-05 22:30:00	282.219
2010-05-06 01:30:00	120.853
2010-05-06 04:30:00	25.7474
2010-05-06 07:30:00	18.2176
2010-05-06 10:30:00	105.352
2010-05-06 13:30:00	289.824
2010-05-06 16:30:00	437.07
2010-05-06 19:30:00	439.24
2010-05-06 22:30:00	295.46
2010-05-07 01:30:00	125.859
2010-05-07 04:30:00	27.4133
2010-05-07 07:30:00	20.7158
2010-05-07 10:30:00	110.094
2010-05-07 13:30:00	294.264
2010-05-07 16:30:00	440.59
2010-05-07 19:30:00	425.793
2010-05-07 22:30:00	284.144
2010-05-08 01:30:00	126.34
2010-05-08 04:30:00	29.7193
2010-05-08 07:30:00	23.0001
2010-05-08 10:30:00	113.462
2010-05-08 13:30:00	298.586
2010-05-08 16:30:00	462.224
2010-05-08 19:30:00	482.937
2010-05-08 22:30:00	346.439
2010-05-09 01:30:00	154.363
2010-05-09 04:30:00	35.6358
2010-05-09 07:30:00	27.2038
2010-05-09 10:30:00	125.227
2010-05-09 13:30:00	292.547
2010-05-09 16:30:00	426.368
2010-05-09 19:30:00	431.23
2010-05-09 22:30:00	295.842
2010-05-10 01:30:00	130.902
2010-05-10 04:30:00	31.9176
2010-05-10 07:30:00	25.3057
2010-05-10 10:30:00	94.2798
2010-05-10 13:30:00	233.162
2010-05-10 16:30:00	337.236
2010-05-10 19:30:00	280.566
2010-05-10 22:30:00	199.119
2010-05-11 01:30:00	88.8282
2010-05-11 04:30:00	23.5328
2010-05-11 07:30:00	20.6973
2010-05-11 10:30:00	85.5028
2010-05-11 13:30:00	249.851
2010-05-11 16:30:00	422.561
2010-05-11 19:30:00	437.209
2010-05-11 22:30:00	299.406
2010-05-12 01:30:00	127.666
2010-05-12 04:30:00	36.0444
2010-05-12 07:30:00	28.7695
2010-05-12 10:30:00	99.7549
2010-05-12 13:30:00	270.17
2010-05-12 16:30:00	421.198
2010-05-12 19:30:00	428.522
2010-05-12 22:30:00	308.39
2010-05-13 01:30:00	138.801
2010-05-13 04:30:00	40.7737
2010-05-13 07:30:00	36.7002
2010-05-13 10:30:00	141.059
2010-05-13 13:30:00	327.561
2010-05-13 16:30:00	489.972
2010-05-13 19:30:00	509.417
2010-05-13 22:30:00	374.385
2010-05-14 01:30:00	179.574
2010-05-14 04:30:00	52.4721
2010-05-14 07:30:00	41.9994
2010-05-14 10:30:00	138.664
2010-05-14 13:30:00	284.339
2010-05-14 16:30:00	410.572
2010-05-14 19:30:00	407.587
2010-05-14 22:30:00	283.763
2010-05-15 01:30:00	124.439
2010-05-15 04:30:00	38.8732
2010-05-15 07:30:00	35.0057
2010-05-15 10:30:00	109.412
2010-05-15 13:30:00	270.9
2010-05-15 16:30:00	417.889
2010-05-15 19:30:00	454.934
2010-05-15 22:30:00	344.029
2010-05-16 01:30:00	171.21
2010-05-16 04:30:00	53.8541
2010-05-16 07:30:00	44.3894
2010-05-16 10:30:00	139.852
2010-05-16 13:30:00	304.505
2010-05-16 16:30:00	439.392
2010-05-16 19:30:00	464.365
2010-05-16 22:30:00	330.243
2010-05-17 01:30:00	152.799
2010-05-17 04:30:00	48.4496
2010-05-17 07:30:00	41.8139
2010-05-17 10:30:00	131.959
2010-05-17 13:30:00	325.507
2010-05-17 16:30:00	486.916
2010-05-17 19:30:00	497.768
2010-05-17 22:30:00	317.156
2010-05-18 01:30:00	146.844
2010-05-18 04:30:00	58.0834
2010-05-18 07:30:00	51.9861
2010-05-18 10:30:00	158.845
2010-05-18 13:30:00	352.151
2010-05-18 16:30:00	467.152
2010-05-18 19:30:00	468.431
2010-05-18 22:30:00	344.897
2010-05-19 01:30:00	160.387
2010-05-19 04:30:00	52.1737
2010-05-19 07:30:00	51.6597
2010-05-19 10:30:00	126.119
2010-05-19 13:30:00	290.59
2010-05-19 16:30:00	433.484
2010-05-19 19:30:00	453.902
2010-05-19 22:30:00	294.147
2010-05-20 01:30:00	138.773
2010-05-20 04:30:00	56.0238
2010-05-20 07:30:00	48.527
2010-05-20 10:30:00	142.755
2010-05-20 13:30:00	345.181
2010-05-20 16:30:00	513.557
2010-05-20 19:30:00	483.193
2010-05-20 22:30:00	327.841
2010-05-21 01:30:00	149.744
2010-05-21 04:30:00	57.1175
2010-05-21 07:30:00	52.1145
2010-05-21 10:30:00	144.82
2010-05-21 13:30:00	347.344
2010-05-21 16:30:00	505.892
2010-05-21 19:30:00	514.814
2010-05-21 22:30:00	365.324
2010-05-22 01:30:00	172.284
2010-05-22 04:30:00	54.3967
2010-05-22 07:30:00	45.5996
2010-05-22 10:30:00	136.792
2010-05-22 13:30:00	334.848
2010-05-22 16:30:00	523.854
2010-05-22 19:30:00	541.842
2010-05-22 22:30:00	396.976
2010-05-23 01:30:00	173.786
2010-05-23 04:30:00	56.0986
2010-05-23 07:30:00	46.8772
2010-05-23 10:30:00	121.536
2010-05-23 13:30:00	312.772
2010-05-23 16:30:00	454.687
2010-05-23 19:30:00	401.069
2010-05-23 22:30:00	255.915
2010-05-24 01:30:00	131.639
2010-05-24 04:30:00	53.8369
2010-05-24 07:30:00	53.8958
2010-05-24 10:30:00	151.371
2010-05-24 13:30:00	372.32
2010-05-24 16:30:00	522.908
2010-05-24 19:30:00	489.166
2010-05-24 22:30:00	352.621
2010-05-25 01:30:00	173.077
2010-05-25 04:30:00	70.5921
2010-05-25 07:30:00	64.6636
2010-05-25 10:30:00	164.465
2010-05-25 13:30:00	355.439
2010-05-25 16:30:00	513.999
2010-05-25 19:30:00	507.31
2010-05-25 22:30:00	345.243
2010-05-26 01:30:00	179.133
2010-05-26 04:30:00	70.6059
2010-05-26 07:30:00	58.9277
2010-05-26 10:30:00	156.563
2010-05-26 13:30:00	346.641
2010-05-26 16:30:00	515.715
2010-05-26 19:30:00	499.958
2010-05-26 22:30:00	323.242
2010-05-27 01:30:00	159.775
2010-05-27 04:30:00	72.8433
2010-05-27 07:30:00	71.7205
2010-05-27 10:30:00	168.132
2010-05-27 13:30:00	328.626
2010-05-27 16:30:00	426.114
2010-05-27 19:30:00	409.349
2010-05-27 22:30:00	297.864
2010-05-28 01:30:00	174.96
2010-05-28 04:30:00	79.4125
2010-05-28 07:30:00	70.1618
2010-05-28 10:30:00	175.375
2010-05-28 13:30:00	384.959
2010-05-28 16:30:00	537.526
2010-05-28 19:30:00	441.583
2010-05-28 22:30:00	261.905
2010-05-29 01:30:00	162.344
2010-05-29 04:30:00	76.5238
2010-05-29 07:30:00	70.1753
2010-05-29 10:30:00	190.328
2010-05-29 13:30:00	401.611
2010-05-29 16:30:00	564.993
2010-05-29 19:30:00	581.319
2010-05-29 22:30:00	438.08
2010-05-30 01:30:00	237.53
2010-05-30 04:30:00	100.57
2010-05-30 07:30:00	88.1954
2010-05-30 10:30:00	205.965
2010-05-30 13:30:00	405.174
2010-05-30 16:30:00	513.37
2010-05-30 19:30:00	526.412
2010-05-30 22:30:00	359.035
2010-05-31 01:30:00	183.674
2010-05-31 04:30:00	79.1683
2010-05-31 07:30:00	73.9699
2010-05-31 10:30:00	153.908
2010-05-31 13:30:00	380.456
2010-05-31 16:30:00	499.731
2010-05-31 19:30:00	369.926
2010-05-31 22:30:00	280.049
2010-06-01 01:30:00	151.855
2010-06-01 04:30:00	68.9466
2010-06-01 07:30:00	57.1165
2010-06-01 10:30:00	120.549
2010-06-01 13:30:00	285.607
2010-06-01 16:30:00	355.645
2010-06-01 19:30:00	331.555
2010-06-01 22:30:00	240.432
2010-06-02 01:30:00	150.766
2010-06-02 04:30:00	74.7886
2010-06-02 07:30:00	72.0679
2010-06-02 10:30:00	178.728
2010-06-02 13:30:00	373.162
2010-06-02 16:30:00	446.479
2010-06-02 19:30:00	376.562
2010-06-02 22:30:00	268.6
2010-06-03 01:30:00	174.867
2010-06-03 04:30:00	85.7172
2010-06-03 07:30:00	79.0297
2010-06-03 10:30:00	186.518
2010-06-03 13:30:00	397.624
2010-06-03 16:30:00	549.724
2010-06-03 19:30:00	407.217
2010-06-03 22:30:00	303.29
2010-06-04 01:30:00	187.182
2010-06-04 04:30:00	93.926
2010-06-04 07:30:00	91.5869
2010-06-04 10:30:00	210.366
2010-06-04 13:30:00	408.667
2010-06-04 16:30:00	528.196
2010-06-04 19:30:00	382.74
2010-06-04 22:30:00	242.876
2010-06-05 01:30:00	135.725
2010-06-05 04:30:00	70.2621
2010-06-05 07:30:00	60.2919
2010-06-05 10:30:00	124.438
2010-06-05 13:30:00	270.119
2010-06-05 16:30:00	370.42
2010-06-05 19:30:00	359.129
2010-06-05 22:30:00	228.479
2010-06-06 01:30:00	145.473
2010-06-06 04:30:00	70.8698
2010-06-06 07:30:00	68.0154
2010-06-06 10:30:00	149.065
2010-06-06 13:30:00	268.077
2010-06-06 16:30:00	358.388
2010-06-06 19:30:00	382.439
2010-06-06 22:30:00	309.772
2010-06-07 01:30:00	189.534
2010-06-07 04:30:00	94.6402
2010-06-07 07:30:00	90.2413
2010-06-07 10:30:00	204.53
2010-06-07 13:30:00	421.717
2010-06-07 16:30:00	539.828
2010-06-07 19:30:00	499.784
2010-06-07 22:30:00	358.704
2010-06-08 01:30:00	217.355
2010-06-08 04:30:00	98.0492
2010-06-08 07:30:00	97.6696
2010-06-08 10:30:00	214.008
2010-06-08 13:30:00	407.87
2010-06-08 16:30:00	554.53
2010-06-08 19:30:00	567.798
2010-06-08 22:30:00	402.008
2010-06-09 01:30:00	196.5
2010-06-09 04:30:00	94.9778
2010-06-09 07:30:00	99.7653
2010-06-09 10:30:00	211.43
2010-06-09 13:30:00	417.756
2010-06-09 16:30:00	559.634
2010-06-09 19:30:00	550.19
2010-06-09 22:30:00	377.746
2010-06-10 01:30:00	228.891
2010-06-10 04:30:00	96.6027
2010-06-10 07:30:00	66.475
2010-06-10 10:30:00	164.276
2010-06-10 13:30:00	371.438
2010-06-10 16:30:00	412.375
2010-06-10 19:30:00	364.576
2010-06-10 22:30:00	196.129
2010-06-11 01:30:00	88.409
2010-06-11 04:30:00	53.3861
2010-06-11 07:30:00	53.5371
2010-06-11 10:30:00	124.817
2010-06-11 13:30:00	237.841
2010-06-11 16:30:00	380.369
2010-06-11 19:30:00	453.015
2010-06-11 22:30:00	303.566
2010-06-12 01:30:00	194.823
2010-06-12 04:30:00	98.2371
2010-06-12 07:30:00	90.6641
2010-06-12 10:30:00	186.072
2010-06-12 13:30:00	365.801
2010-06-12 16:30:00	456.871
2010-06-12 19:30:00	384.95
2010-06-12 22:30:00	259.006
2010-06-13 01:30:00	186.086
2010-06-13 04:30:00	93.3168
2010-06-13 07:30:00	97.2848
2010-06-13 10:30:00	208.585
2010-06-13 13:30:00	417.758
2010-06-13 16:30:00	578.212
2010-06-13 19:30:00	520.974
2010-06-13 22:30:00	399.65
2010-06-14 01:30:00	204.15
2010-06-14 04:30:00	121.653
2010-06-14 07:30:00	108.366
2010-06-14 10:30:00	212.465
2010-06-14 13:30:00	406.468
2010-06-14 16:30:00	375.635
2010-06-14 19:30:00	406.536
2010-06-14 22:30:00	309.239
2010-06-15 01:30:00	233.374
2010-06-15 04:30:00	129.162
2010-06-15 07:30:00	116.094
2010-06-15 10:30:00	233.127
2010-06-15 13:30:00	436.176
2010-06-15 16:30:00	404.231
2010-06-15 19:30:00	428.718
2010-06-15 22:30:00	331.998
2010-06-16 01:30:00	243.086
2010-06-16 04:30:00	132.496
2010-06-16 07:30:00	116.18
2010-06-16 10:30:00	234.494
2010-06-16 13:30:00	414.068
2010-06-16 16:30:00	517.099
2010-06-16 19:30:00	496.849
2010-06-16 22:30:00	356.515
2010-06-17 01:30:00	251.774
2010-06-17 04:30:00	130.553
2010-06-17 07:30:00	96.7025
2010-06-17 10:30:00	198.761
2010-06-17 13:30:00	418.608
2010-06-17 16:30:00	557.469
2010-06-17 19:30:00	417.525
2010-06-17 22:30:00	260.087
2010-06-18 01:30:00	227.404
2010-06-18 04:30:00	83.212
2010-06-18 07:30:00	52.4458
2010-06-18 10:30:00	107.749
2010-06-18 13:30:00	262.681
2010-06-18 16:30:00	409.532
2010-06-18 19:30:00	438.927
2010-06-18 22:30:00	240.19
2010-06-19 01:30:00	173.397
2010-06-19 04:30:00	103.926
2010-06-19 07:30:00	80.8086
2010-06-19 10:30:00	178.937
2010-06-19 13:30:00	369.638
2010-06-19 16:30:00	519.339
2010-06-19 19:30:00	524.423
2010-06-19 22:30:00	410.039
2010-06-20 01:30:00	256.929
2010-06-20 04:30:00	128.343
2010-06-20 07:30:00	103.683
2010-06-20 10:30:00	184.165
2010-06-20 13:30:00	375.992
2010-06-20 16:30:00	552.403
2010-06-20 19:30:00	500.473
2010-06-20 22:30:00	305.91
2010-06-21 01:30:00	165.716
2010-06-21 04:30:00	100.62
2010-06-21 07:30:00	98.4814
2010-06-21 10:30:00	205.807
2010-06-21 13:30:00	405.363
2010-06-21 16:30:00	506.109
2010-06-21 19:30:00	542.913
2010-06-21 22:30:00	410.715
2010-06-22 01:30:00	231.894
2010-06-22 04:30:00	128.492
2010-06-22 07:30:00	111.785
2010-06-22 10:30:00	226.617
2010-06-22 13:30:00	423.434
2010-06-22 16:30:00	581.424
2010-06-22 19:30:00	559.668
2010-06-22 22:30:00	339.434
2010-06-23 01:30:00	221.488
2010-06-23 04:30:00	128.196
2010-06-23 07:30:00	111.785
2010-06-23 10:30:00	228.516
2010-06-23 13:30:00	428.209
2010-06-23 16:30:00	574.492
2010-06-23 19:30:00	567.718
2010-06-23 22:30:00	395.237
2010-06-24 01:30:00	239.715
2010-06-24 04:30:00	129.264
2010-06-24 07:30:00	112.401
2010-06-24 10:30:00	228.859
2010-06-24 13:30:00	296.974
2010-06-24 16:30:00	379.084
2010-06-24 19:30:00	390.697
2010-06-24 22:30:00	313.452
2010-06-25 01:30:00	172.077
2010-06-25 04:30:00	127.741
2010-06-25 07:30:00	110.624
2010-06-25 10:30:00	225.62
2010-06-25 13:30:00	425.623
2010-06-25 16:30:00	579.821
2010-06-25 19:30:00	609.164
2010-06-25 22:30:00	472.967
2010-06-26 01:30:00	269.216
2010-06-26 04:30:00	120.844
2010-06-26 07:30:00	76.6428
2010-06-26 10:30:00	156.778
2010-06-26 13:30:00	376.79
2010-06-26 16:30:00	522.235
2010-06-26 19:30:00	509.269
2010-06-26 22:30:00	360.922
2010-06-27 01:30:00	183.121
2010-06-27 04:30:00	79.4405
2010-06-27 07:30:00	68.6914
2010-06-27 10:30:00	195.453
2010-06-27 13:30:00	349.695
2010-06-27 16:30:00	519.15
2010-06-27 19:30:00	578.053
2010-06-27 22:30:00	471.173
2010-06-28 01:30:00	268.27
2010-06-28 04:30:00	122.8
2010-06-28 07:30:00	99.0242
2010-06-28 10:30:00	205.629
2010-06-28 13:30:00	383.544
2010-06-28 16:30:00	474.448
2010-06-28 19:30:00	467.707
2010-06-28 22:30:00	365.2
2010-06-29 01:30:00	239.128
2010-06-29 04:30:00	124.662
2010-06-29 07:30:00	106.584
2010-06-29 10:30:00	220.018
2010-06-29 13:30:00	398.87
2010-06-29 16:30:00	512.401
2010-06-29 19:30:00	508.933
2010-06-29 22:30:00	434.898
2010-06-30 01:30:00	261.6
2010-06-30 04:30:00	118.942
2010-06-30 07:30:00	93.6324
2010-06-30 10:30:00	159.128
2010-06-30 13:30:00	323.579
2010-06-30 16:30:00	543.007
2010-06-30 19:30:00	596.755
2010-06-30 22:30:00	462.971
2010-07-01 01:30:00	265.452
2010-07-01 04:30:00	120.929
2010-07-01 07:30:00	103.852
2010-07-01 10:30:00	215.714
2010-07-01 13:30:00	413.724
2010-07-01 16:30:00	396.478
2010-07-01 19:30:00	403.768
2010-07-01 22:30:00	297.497
2010-07-02 01:30:00	184.323
2010-07-02 04:30:00	117.733
2010-07-02 07:30:00	100.376
2010-07-02 10:30:00	212.057
2010-07-02 13:30:00	340.187
2010-07-02 16:30:00	353.593
2010-07-02 19:30:00	392.705
2010-07-02 22:30:00	298.043
2010-07-03 01:30:00	162.09
2010-07-03 04:30:00	78.9331
2010-07-03 07:30:00	95.0864
2010-07-03 10:30:00	211.71
2010-07-03 13:30:00	257.331
2010-07-03 16:30:00	413.367
2010-07-03 19:30:00	436.773
2010-07-03 22:30:00	321.615
2010-07-04 01:30:00	167.342
2010-07-04 04:30:00	85.0365
2010-07-04 07:30:00	98.4905
2010-07-04 10:30:00	210.409
2010-07-04 13:30:00	370.04
2010-07-04 16:30:00	448.594
2010-07-04 19:30:00	450.29
2010-07-04 22:30:00	308.659
2010-07-05 01:30:00	185.261
2010-07-05 04:30:00	113.794
2010-07-05 07:30:00	96.1172
2010-07-05 10:30:00	204.385
2010-07-05 13:30:00	404.014
2010-07-05 16:30:00	439.29
2010-07-05 19:30:00	436.509
2010-07-05 22:30:00	298.031
2010-07-06 01:30:00	212.958
2010-07-06 04:30:00	111.661
2010-07-06 07:30:00	94.1958
2010-07-06 10:30:00	204.209
2010-07-06 13:30:00	404.582
2010-07-06 16:30:00	511.073
2010-07-06 19:30:00	481.792
2010-07-06 22:30:00	325.926
2010-07-07 01:30:00	217.041
2010-07-07 04:30:00	110.514
2010-07-07 07:30:00	92.9405
2010-07-07 10:30:00	203.789
2010-07-07 13:30:00	404.943
2010-07-07 16:30:00	420.822
2010-07-07 19:30:00	423.52
2010-07-07 22:30:00	319.621
2010-07-08 01:30:00	215.498
2010-07-08 04:30:00	108.285
2010-07-08 07:30:00	90.2753
2010-07-08 10:30:00	199.581
2010-07-08 13:30:00	349.927
2010-07-08 16:30:00	361.873
2010-07-08 19:30:00	339.597
2010-07-08 22:30:00	250.785
2010-07-09 01:30:00	134.313
2010-07-09 04:30:00	41.562
2010-07-09 07:30:00	27.3528
2010-07-09 10:30:00	80.6297
2010-07-09 13:30:00	187.821
2010-07-09 16:30:00	342.142
2010-07-09 19:30:00	479.745
2010-07-09 22:30:00	442.931
2010-07-10 01:30:00	222.549
2010-07-10 04:30:00	77.9829
2010-07-10 07:30:00	39.2128
2010-07-10 10:30:00	77.1733
2010-07-10 13:30:00	112.826
2010-07-10 16:30:00	91.9047
2010-07-10 19:30:00	109.594
2010-07-10 22:30:00	102.661
2010-07-11 01:30:00	70.6138
2010-07-11 04:30:00	34.9467
2010-07-11 07:30:00	30.8293
2010-07-11 10:30:00	67.6571
2010-07-11 13:30:00	160.781
2010-07-11 16:30:00	248.89
2010-07-11 19:30:00	321.651
2010-07-11 22:30:00	291.533
2010-07-12 01:30:00	147.989
2010-07-12 04:30:00	66.4701
2010-07-12 07:30:00	51.2626
2010-07-12 10:30:00	125.121
2010-07-12 13:30:00	203.393
2010-07-12 16:30:00	235.709
2010-07-12 19:30:00	250.295
2010-07-12 22:30:00	230.339
2010-07-13 01:30:00	161.957
2010-07-13 04:30:00	77.1786
2010-07-13 07:30:00	75.7846
2010-07-13 10:30:00	153.793
2010-07-13 13:30:00	308.046
2010-07-13 16:30:00	399.742
2010-07-13 19:30:00	245.719
2010-07-13 22:30:00	154.407
2010-07-14 01:30:00	83.4111
2010-07-14 04:30:00	41.13
2010-07-14 07:30:00	40.4646
2010-07-14 10:30:00	174.32
2010-07-14 13:30:00	381.965
2010-07-14 16:30:00	518.086
2010-07-14 19:30:00	542.957
2010-07-14 22:30:00	356.105
2010-07-15 01:30:00	110.637
2010-07-15 04:30:00	37.9515
2010-07-15 07:30:00	28.1841
2010-07-15 10:30:00	67.7766
2010-07-15 13:30:00	116.274
2010-07-15 16:30:00	191.242
2010-07-15 19:30:00	329.99
2010-07-15 22:30:00	415.654
2010-07-16 01:30:00	233.787
2010-07-16 04:30:00	91.9058
2010-07-16 07:30:00	73.3484
2010-07-16 10:30:00	176.071
2010-07-16 13:30:00	364.36
2010-07-16 16:30:00	534.914
2010-07-16 19:30:00	553.535
2010-07-16 22:30:00	424.859
2010-07-17 01:30:00	224.627
2010-07-17 04:30:00	78.7757
2010-07-17 07:30:00	39.1398
2010-07-17 10:30:00	96.595
2010-07-17 13:30:00	242.525
2010-07-17 16:30:00	388.462
2010-07-17 19:30:00	448.391
2010-07-17 22:30:00	337.422
2010-07-18 01:30:00	161.63
2010-07-18 04:30:00	64.3739
2010-07-18 07:30:00	45.8582
2010-07-18 10:30:00	103.7
2010-07-18 13:30:00	276.899
2010-07-18 16:30:00	439.481
2010-07-18 19:30:00	542.505
2010-07-18 22:30:00	399.67
2010-07-19 01:30:00	215.851
2010-07-19 04:30:00	66.322
2010-07-19 07:30:00	29.6437
2010-07-19 10:30:00	19.9512
2010-07-19 13:30:00	39.5781
2010-07-19 16:30:00	109.564
2010-07-19 19:30:00	128.015
2010-07-19 22:30:00	116.657
2010-07-20 01:30:00	57.0737
2010-07-20 04:30:00	24.1602
2010-07-20 07:30:00	20.7664
2010-07-20 10:30:00	59.7589
2010-07-20 13:30:00	121.311
2010-07-20 16:30:00	238.215
2010-07-20 19:30:00	314.521
2010-07-20 22:30:00	262.945
2010-07-21 01:30:00	134.017
2010-07-21 04:30:00	46.3939
2010-07-21 07:30:00	30.5066
2010-07-21 10:30:00	53.25
2010-07-21 13:30:00	109.507
2010-07-21 16:30:00	289.219
2010-07-21 19:30:00	304.131
2010-07-21 22:30:00	96.3952
2010-07-22 01:30:00	51.5499
2010-07-22 04:30:00	24.205
2010-07-22 07:30:00	32.0197
2010-07-22 10:30:00	114.013
2010-07-22 13:30:00	218.233
2010-07-22 16:30:00	266.298
2010-07-22 19:30:00	304.631
2010-07-22 22:30:00	246.339
2010-07-23 01:30:00	142.586
2010-07-23 04:30:00	66.1116
2010-07-23 07:30:00	49.6
2010-07-23 10:30:00	75.9321
2010-07-23 13:30:00	205.189
2010-07-23 16:30:00	419.419
2010-07-23 19:30:00	432.985
2010-07-23 22:30:00	308.269
2010-07-24 01:30:00	169.298
2010-07-24 04:30:00	66.9547
2010-07-24 07:30:00	44.2173
2010-07-24 10:30:00	95.9707
2010-07-24 13:30:00	288.909
2010-07-24 16:30:00	427.261
2010-07-24 19:30:00	487.89
2010-07-24 22:30:00	397.504
2010-07-25 01:30:00	191.851
2010-07-25 04:30:00	68.463
2010-07-25 07:30:00	51.234
2010-07-25 10:30:00	149.681
2010-07-25 13:30:00	343.348
2010-07-25 16:30:00	468.047
2010-07-25 19:30:00	414.773
2010-07-25 22:30:00	281.659
2010-07-26 01:30:00	131.358
2010-07-26 04:30:00	54.74
2010-07-26 07:30:00	46.5509
2010-07-26 10:30:00	138.309
2010-07-26 13:30:00	290.787
2010-07-26 16:30:00	366.747
2010-07-26 19:30:00	399.401
2010-07-26 22:30:00	311.678
2010-07-27 01:30:00	178.863
2010-07-27 04:30:00	61.2566
2010-07-27 07:30:00	44.1522
2010-07-27 10:30:00	109.834
2010-07-27 13:30:00	279.762
2010-07-27 16:30:00	361.31
2010-07-27 19:30:00	353.396
2010-07-27 22:30:00	237.452
2010-07-28 01:30:00	99.0732
2010-07-28 04:30:00	16.9637
2010-07-28 07:30:00	12.5641
2010-07-28 10:30:00	46.7138
2010-07-28 13:30:00	163.34
2010-07-28 16:30:00	263.931
2010-07-28 19:30:00	201.973
2010-07-28 22:30:00	139.761
2010-07-29 01:30:00	79.5559
2010-07-29 04:30:00	22.0439
2010-07-29 07:30:00	15.2838
2010-07-29 10:30:00	49.7378
2010-07-29 13:30:00	164.606
2010-07-29 16:30:00	277.85
2010-07-29 19:30:00	317.864
2010-07-29 22:30:00	256.784
2010-07-30 01:30:00	137.561
2010-07-30 04:30:00	50.4383
2010-07-30 07:30:00	34.8951
2010-07-30 10:30:00	103.049
2010-07-30 13:30:00	161.65
2010-07-30 16:30:00	217.212
2010-07-30 19:30:00	272.596
2010-07-30 22:30:00	161.589
2010-07-31 01:30:00	83.1762
2010-07-31 04:30:00	26.1263
2010-07-31 07:30:00	17.1584
2010-07-31 10:30:00	59.9296
2010-07-31 13:30:00	210.308
2010-07-31 16:30:00	324.952
2010-07-31 19:30:00	381.026
2010-07-31 22:30:00	213.932
2010-08-01 01:30:00	66.9418
2010-08-01 04:30:00	14.4888
2010-08-01 07:30:00	10.0909
2010-08-01 10:30:00	41.8533
2010-08-01 13:30:00	92.9233
2010-08-01 16:30:00	98.3517
2010-08-01 19:30:00	168.114
2010-08-01 22:30:00	257.208
2010-08-02 01:30:00	119.503
2010-08-02 04:30:00	30.8331
2010-08-02 07:30:00	19.0458
2010-08-02 10:30:00	61.141
2010-08-02 13:30:00	194.238
2010-08-02 16:30:00	293.327
2010-08-02 19:30:00	234.502
2010-08-02 22:30:00	132.021
2010-08-03 01:30:00	53.5993
2010-08-03 04:30:00	8.95623
2010-08-03 07:30:00	5.86114
2010-08-03 10:30:00	20.3239
2010-08-03 13:30:00	46.2791
2010-08-03 16:30:00	63.6842
2010-08-03 19:30:00	69.7065
2010-08-03 22:30:00	68.4642
2010-08-04 01:30:00	33.2228
2010-08-04 04:30:00	9.76156
2010-08-04 07:30:00	7.5046
2010-08-04 10:30:00	35.4066
2010-08-04 13:30:00	104.647
2010-08-04 16:30:00	195.552
2010-08-04 19:30:00	275.414
2010-08-04 22:30:00	234.183
2010-08-05 01:30:00	118.836
2010-08-05 04:30:00	26.4194
2010-08-05 07:30:00	16.1232
2010-08-05 10:30:00	77.2563
2010-08-05 13:30:00	231.048
2010-08-05 16:30:00	280.519
2010-08-05 19:30:00	298.388
2010-08-05 22:30:00	238.996
2010-08-06 01:30:00	90.935
2010-08-06 04:30:00	19.9797
2010-08-06 07:30:00	10.8163
2010-08-06 10:30:00	68.3601
2010-08-06 13:30:00	231.771
2010-08-06 16:30:00	426.131
2010-08-06 19:30:00	472.998
2010-08-06 22:30:00	341.721
2010-08-07 01:30:00	138.537
2010-08-07 04:30:00	25.5311
2010-08-07 07:30:00	10.7185
2010-08-07 10:30:00	38.915
2010-08-07 13:30:00	79.3836
2010-08-07 16:30:00	88.1993
2010-08-07 19:30:00	54.65
2010-08-07 22:30:00	41.9441
2010-08-08 01:30:00	23.6056
2010-08-08 04:30:00	5.1159
2010-08-08 07:30:00	5.12047
2010-08-08 10:30:00	36.3808
2010-08-08 13:30:00	168.196
2010-08-08 16:30:00	328.253
2010-08-08 19:30:00	287.304
2010-08-08 22:30:00	152.64
2010-08-09 01:30:00	60.3043
2010-08-09 04:30:00	11.2064
2010-08-09 07:30:00	2.91989
2010-08-09 10:30:00	23.2581
2010-08-09 13:30:00	86.8063
2010-08-09 16:30:00	253.606
2010-08-09 19:30:00	349.116
2010-08-09 22:30:00	271.565
2010-08-10 01:30:00	131.732
2010-08-10 04:30:00	21.6521
2010-08-10 07:30:00	10.3654
2010-08-10 10:30:00	91.63
2010-08-10 13:30:00	270.312
2010-08-10 16:30:00	309.14
2010-08-10 19:30:00	227.819
2010-08-10 22:30:00	114.893
2010-08-11 01:30:00	55.4427
2010-08-11 04:30:00	6.88105
2010-08-11 07:30:00	2.50331
2010-08-11 10:30:00	25.9161
2010-08-11 13:30:00	68.9066
2010-08-11 16:30:00	115.312
2010-08-11 19:30:00	111.811
2010-08-11 22:30:00	72.0097
2010-08-12 01:30:00	31.0724
2010-08-12 04:30:00	4.53466
2010-08-12 07:30:00	1.91027
2010-08-12 10:30:00	33.102
2010-08-12 13:30:00	120.599
2010-08-12 16:30:00	166.949
2010-08-12 19:30:00	139.533
2010-08-12 22:30:00	89.0527
2010-08-13 01:30:00	50.0966
2010-08-13 04:30:00	6.8179
2010-08-13 07:30:00	4.43835
2010-08-13 10:30:00	77.2901
2010-08-13 13:30:00	230.146
2010-08-13 16:30:00	332.854
2010-08-13 19:30:00	341.338
2010-08-13 22:30:00	187.439
2010-08-14 01:30:00	84.303
2010-08-14 04:30:00	9.28339
2010-08-14 07:30:00	2.97459
2010-08-14 10:30:00	70.0362
2010-08-14 13:30:00	199.075
2010-08-14 16:30:00	239.025
2010-08-14 19:30:00	234.399
2010-08-14 22:30:00	128.391
2010-08-15 01:30:00	59.7842
2010-08-15 04:30:00	7.58861
2010-08-15 07:30:00	2.27318
2010-08-15 10:30:00	60.1375
2010-08-15 13:30:00	183.235
2010-08-15 16:30:00	247.827
2010-08-15 19:30:00	253.852
2010-08-15 22:30:00	179.614
2010-08-16 01:30:00	73.3287
2010-08-16 04:30:00	7.56899
2010-08-16 07:30:00	1.63093
2010-08-16 10:30:00	53.9221
2010-08-16 13:30:00	212.375
2010-08-16 16:30:00	277.873
2010-08-16 19:30:00	304.397
2010-08-16 22:30:00	191.766
2010-08-17 01:30:00	84.3908
2010-08-17 04:30:00	6.82768
2010-08-17 07:30:00	1.25576
2010-08-17 10:30:00	63.246
2010-08-17 13:30:00	236.176
2010-08-17 16:30:00	379.977
2010-08-17 19:30:00	385.605
2010-08-17 22:30:00	259.202
2010-08-18 01:30:00	90.4545
2010-08-18 04:30:00	5.22492
2010-08-18 07:30:00	0.653293
2010-08-18 10:30:00	46.9876
2010-08-18 13:30:00	215.431
2010-08-18 16:30:00	363.113
2010-08-18 19:30:00	355.363
2010-08-18 22:30:00	235.158
2010-08-19 01:30:00	93.3322
2010-08-19 04:30:00	4.24514
2010-08-19 07:30:00	0.283686
2010-08-19 10:30:00	17.28
2010-08-19 13:30:00	84.9375
2010-08-19 16:30:00	178.336
2010-08-19 19:30:00	191.767
2010-08-19 22:30:00	105.083
2010-08-20 01:30:00	58.5142
2010-08-20 04:30:00	2.76296
2010-08-20 07:30:00	0
2010-08-20 10:30:00	19.9807
2010-08-20 13:30:00	88.2376
2010-08-20 16:30:00	169.748
2010-08-20 19:30:00	233.324
2010-08-20 22:30:00	158.117
2010-08-21 01:30:00	56.7632
2010-08-21 04:30:00	2.18233
2010-08-21 07:30:00	0
2010-08-21 10:30:00	23.1401
2010-08-21 13:30:00	93.7347
2010-08-21 16:30:00	185.784
2010-08-21 19:30:00	173.645
2010-08-21 22:30:00	98.9155
2010-08-22 01:30:00	33.4838
2010-08-22 04:30:00	0.97222
2010-08-22 07:30:00	0
2010-08-22 10:30:00	13.6504
2010-08-22 13:30:00	74.5475
2010-08-22 16:30:00	121.377
2010-08-22 19:30:00	141.336
2010-08-22 22:30:00	118.91
2010-08-23 01:30:00	30.1905
2010-08-23 04:30:00	0.644633
2010-08-23 07:30:00	0
2010-08-23 10:30:00	19.0942
2010-08-23 13:30:00	107.039
2010-08-23 16:30:00	200.542
2010-08-23 19:30:00	210.164
2010-08-23 22:30:00	138.292
2010-08-24 01:30:00	38.4034
2010-08-24 04:30:00	0.469766
2010-08-24 07:30:00	0
2010-08-24 10:30:00	17.3779
2010-08-24 13:30:00	149.19
2010-08-24 16:30:00	247.222
2010-08-24 19:30:00	283.732
2010-08-24 22:30:00	199.896
2010-08-25 01:30:00	56.3845
2010-08-25 04:30:00	0.398487
2010-08-25 07:30:00	0
2010-08-25 10:30:00	33.6998
2010-08-25 13:30:00	188.128
2010-08-25 16:30:00	307.733
2010-08-25 19:30:00	273.186
2010-08-25 22:30:00	153.12
2010-08-26 01:30:00	47.0818
2010-08-26 04:30:00	0.018367
2010-08-26 07:30:00	0
2010-08-26 10:30:00	31.0131
2010-08-26 13:30:00	182.531
2010-08-26 16:30:00	294.23
2010-08-26 19:30:00	230.011
2010-08-26 22:30:00	135.327
2010-08-27 01:30:00	43.138
2010-08-27 04:30:00	0
2010-08-27 07:30:00	0
2010-08-27 10:30:00	27.6039
2010-08-27 13:30:00	143.418
2010-08-27 16:30:00	164.837
2010-08-27 19:30:00	179.872
2010-08-27 22:30:00	129.602
2010-08-28 01:30:00	38.483
2010-08-28 04:30:00	0
2010-08-28 07:30:00	0
2010-08-28 10:30:00	24.9
2010-08-28 13:30:00	169.031
2010-08-28 16:30:00	221.84
2010-08-28 19:30:00	205.067
2010-08-28 22:30:00	125.316
2010-08-29 01:30:00	36.4587
2010-08-29 04:30:00	0
2010-08-29 07:30:00	0
2010-08-29 10:30:00	21.9117
2010-08-29 13:30:00	162.52
2010-08-29 16:30:00	217.743
2010-08-29 19:30:00	219.147
2010-08-29 22:30:00	115.256
2010-08-30 01:30:00	26.71
2010-08-30 04:30:00	0
2010-08-30 07:30:00	0
2010-08-30 10:30:00	15.2637
2010-08-30 13:30:00	130.784
2010-08-30 16:30:00	211.142
2010-08-30 19:30:00	203.58
2010-08-30 22:30:00	116.612
2010-08-31 01:30:00	26.387
2010-08-31 04:30:00	0
2010-08-31 07:30:00	0
2010-08-31 10:30:00	14.2854
2010-08-31 13:30:00	95.0167
2010-08-31 16:30:00	143.192
2010-08-31 19:30:00	130.225
2010-08-31 22:30:00	58.5653
2010-09-01 01:30:00	11.5435
2010-09-01 04:30:00	0
2010-09-01 07:30:00	0
2010-09-01 10:30:00	7.81638
2010-09-01 13:30:00	55.494
2010-09-01 16:30:00	98.417
2010-09-01 19:30:00	107.648
2010-09-01 22:30:00	109.463
2010-09-02 01:30:00	23.415
2010-09-02 04:30:00	0
2010-09-02 07:30:00	0
2010-09-02 10:30:00	6.13375
2010-09-02 13:30:00	69.3473
2010-09-02 16:30:00	158.636
2010-09-02 19:30:00	166.954
2010-09-02 22:30:00	104.672
2010-09-03 01:30:00	18.7603
2010-09-03 04:30:00	0
2010-09-03 07:30:00	0
2010-09-03 10:30:00	10.4944
2010-09-03 13:30:00	118.246
2010-09-03 16:30:00	248.846
2010-09-03 19:30:00	272.885
2010-09-03 22:30:00	121.89
2010-09-04 01:30:00	14.7909
2010-09-04 04:30:00	0
2010-09-04 07:30:00	0
2010-09-04 10:30:00	6.22796
2010-09-04 13:30:00	102.472
2010-09-04 16:30:00	205.19
2010-09-04 19:30:00	191.21
2010-09-04 22:30:00	116.162
2010-09-05 01:30:00	16.7388
2010-09-05 04:30:00	0
2010-09-05 07:30:00	0
2010-09-05 10:30:00	6.59394
2010-09-05 13:30:00	100.31
2010-09-05 16:30:00	240.004
2010-09-05 19:30:00	262.573
2010-09-05 22:30:00	158.788
2010-09-06 01:30:00	21.2403
2010-09-06 04:30:00	0
2010-09-06 07:30:00	0
2010-09-06 10:30:00	8.05999
2010-09-06 13:30:00	123.191
2010-09-06 16:30:00	233.316
2010-09-06 19:30:00	225.779
2010-09-06 22:30:00	104.414
2010-09-07 01:30:00	14.3556
2010-09-07 04:30:00	0
2010-09-07 07:30:00	0
2010-09-07 10:30:00	6.56763
2010-09-07 13:30:00	117.551
2010-09-07 16:30:00	173.624
2010-09-07 19:30:00	189.197
2010-09-07 22:30:00	101.272
2010-09-08 01:30:00	11.8068
2010-09-08 04:30:00	0
2010-09-08 07:30:00	0
2010-09-08 10:30:00	5.02466
2010-09-08 13:30:00	83.4332
2010-09-08 16:30:00	176.091
2010-09-08 19:30:00	195.004
2010-09-08 22:30:00	102.627
2010-09-09 01:30:00	10.6456
2010-09-09 04:30:00	0
2010-09-09 07:30:00	0
2010-09-09 10:30:00	3.58265
2010-09-09 13:30:00	76.7592
2010-09-09 16:30:00	182.021
2010-09-09 19:30:00	190.707
2010-09-09 22:30:00	96.5613
2010-09-10 01:30:00	9.41397
2010-09-10 04:30:00	0
2010-09-10 07:30:00	0
2010-09-10 10:30:00	2.3013
2010-09-10 13:30:00	52.8047
2010-09-10 16:30:00	137.632
2010-09-10 19:30:00	150.197
2010-09-10 22:30:00	80.8741
2010-09-11 01:30:00	5.522
2010-09-11 04:30:00	0
2010-09-11 07:30:00	0
2010-09-11 10:30:00	1.55654
2010-09-11 13:30:00	36.9626
2010-09-11 16:30:00	79.1929
2010-09-11 19:30:00	88.4016
2010-09-11 22:30:00	40.5272
2010-09-12 01:30:00	3.06898
2010-09-12 04:30:00	0
2010-09-12 07:30:00	0
2010-09-12 10:30:00	1.27876
2010-09-12 13:30:00	52.0305
2010-09-12 16:30:00	110.678
2010-09-12 19:30:00	119.892
2010-09-12 22:30:00	60.5398
2010-09-13 01:30:00	4.06054
2010-09-13 04:30:00	0
2010-09-13 07:30:00	0
2010-09-13 10:30:00	0.912013
2010-09-13 13:30:00	42.4872
2010-09-13 16:30:00	105.914
2010-09-13 19:30:00	83.8006
2010-09-13 22:30:00	40.8184
2010-09-14 01:30:00	2.57226
2010-09-14 04:30:00	0
2010-09-14 07:30:00	0
2010-09-14 10:30:00	0.864184
2010-09-14 13:30:00	47.1233
2010-09-14 16:30:00	130.187
2010-09-14 19:30:00	122.653
2010-09-14 22:30:00	58.4936
2010-09-15 01:30:00	3.04974
2010-09-15 04:30:00	0
2010-09-15 07:30:00	0
2010-09-15 10:30:00	0.584778
2010-09-15 13:30:00	49.7633
2010-09-15 16:30:00	124.461
2010-09-15 19:30:00	116.751
2010-09-15 22:30:00	51.9929
2010-09-16 01:30:00	2.39751
2010-09-16 04:30:00	0
2010-09-16 07:30:00	0
2010-09-16 10:30:00	0.524346
2010-09-16 13:30:00	67.2925
2010-09-16 16:30:00	184.834
2010-09-16 19:30:00	194.507
2010-09-16 22:30:00	88.7875
2010-09-17 01:30:00	2.81385
2010-09-17 04:30:00	0
2010-09-17 07:30:00	0
2010-09-17 10:30:00	0.342914
2010-09-17 13:30:00	64.8252
2010-09-17 16:30:00	162.203
2010-09-17 19:30:00	139.287
2010-09-17 22:30:00	60.7656
2010-09-18 01:30:00	1.77881
2010-09-18 04:30:00	0
2010-09-18 07:30:00	0
2010-09-18 10:30:00	0
2010-09-18 13:30:00	50.3706
2010-09-18 16:30:00	132.86
2010-09-18 19:30:00	146.562
2010-09-18 22:30:00	61.7042
2010-09-19 01:30:00	1.45498
2010-09-19 04:30:00	0
2010-09-19 07:30:00	0
2010-09-19 10:30:00	0
2010-09-19 13:30:00	44.3808
2010-09-19 16:30:00	133.979
2010-09-19 19:30:00	143.663
2010-09-19 22:30:00	57.533
2010-09-20 01:30:00	0.896394
2010-09-20 04:30:00	0
2010-09-20 07:30:00	0
2010-09-20 10:30:00	0
2010-09-20 13:30:00	44.8029
2010-09-20 16:30:00	120.183
2010-09-20 19:30:00	128.483
2010-09-20 22:30:00	58.0185
2010-09-21 01:30:00	0.561728
2010-09-21 04:30:00	0
2010-09-21 07:30:00	0
2010-09-21 10:30:00	0
2010-09-21 13:30:00	43.1631
2010-09-21 16:30:00	139.486
2010-09-21 19:30:00	138.583
2010-09-21 22:30:00	51.6636
2010-09-22 01:30:00	0.340716
2010-09-22 04:30:00	0
2010-09-22 07:30:00	0
2010-09-22 10:30:00	0
2010-09-22 13:30:00	39.3756
2010-09-22 16:30:00	137.639
2010-09-22 19:30:00	144.41
2010-09-22 22:30:00	54.4648
2010-09-23 01:30:00	0.174456
2010-09-23 04:30:00	0
2010-09-23 07:30:00	0
2010-09-23 10:30:00	0
2010-09-23 13:30:00	34.817
2010-09-23 16:30:00	119.008
2010-09-23 19:30:00	119.182
2010-09-23 22:30:00	42.1274
2010-09-24 01:30:00	0
2010-09-24 04:30:00	0
2010-09-24 07:30:00	0
2010-09-24 10:30:00	0
2010-09-24 13:30:00	37.6661
2010-09-24 16:30:00	114.832
2010-09-24 19:30:00	121.194
2010-09-24 22:30:00	40.635
2010-09-25 01:30:00	0
2010-09-25 04:30:00	0
2010-09-25 07:30:00	0
2010-09-25 10:30:00	0
2010-09-25 13:30:00	26.964
2010-09-25 16:30:00	104.513
2010-09-25 19:30:00	112.459
2010-09-25 22:30:00	37.7321
2010-09-26 01:30:00	0
2010-09-26 04:30:00	0
2010-09-26 07:30:00	0
2010-09-26 10:30:00	0
2010-09-26 13:30:00	29.5765
2010-09-26 16:30:00	121.734
2010-09-26 19:30:00	125.12
2010-09-26 22:30:00	38.8817
2010-09-27 01:30:00	0
2010-09-27 04:30:00	0
2010-09-27 07:30:00	0
2010-09-27 10:30:00	0
2010-09-27 13:30:00	22.9779
2010-09-27 16:30:00	103.035
2010-09-27 19:30:00	110.684
2010-09-27 22:30:00	31.3367
2010-09-28 01:30:00	0
2010-09-28 04:30:00	0
2010-09-28 07:30:00	0
2010-09-28 10:30:00	0
2010-09-28 13:30:00	21.3514
2010-09-28 16:30:00	97.0487
2010-09-28 19:30:00	100.856
2010-09-28 22:30:00	27.8754
2010-09-29 01:30:00	0
2010-09-29 04:30:00	0
2010-09-29 07:30:00	0
2010-09-29 10:30:00	0
2010-09-29 13:30:00	16.318
2010-09-29 16:30:00	66.1257
2010-09-29 19:30:00	68.6671
2010-09-29 22:30:00	16.2318
2010-09-30 01:30:00	0
2010-09-30 04:30:00	0
2010-09-30 07:30:00	0
2010-09-30 10:30:00	0
2010-09-30 13:30:00	17.2037
2010-09-30 16:30:00	92.1875
2010-09-30 19:30:00	69.9926
2010-09-30 22:30:00	21.2626
2010-10-01 01:30:00	0
2010-10-01 04:30:00	0
2010-10-01 07:30:00	0
2010-10-01 10:30:00	0
2010-10-01 13:30:00	16.1782
2010-10-01 16:30:00	64.1897
2010-10-01 19:30:00	78.3445
2010-10-01 22:30:00	20.6267
2010-10-02 01:30:00	0
2010-10-02 04:30:00	0
2010-10-02 07:30:00	0
2010-10-02 10:30:00	0
2010-10-02 13:30:00	10.112
2010-10-02 16:30:00	54.4585
2010-10-02 19:30:00	54.9634
2010-10-02 22:30:00	11.2939
2010-10-03 01:30:00	0
2010-10-03 04:30:00	0
2010-10-03 07:30:00	0
2010-10-03 10:30:00	0
2010-10-03 13:30:00	14.54
2010-10-03 16:30:00	89.3332
2010-10-03 19:30:00	92.4536
2010-10-03 22:30:00	18.4368
2010-10-04 01:30:00	0
2010-10-04 04:30:00	0
2010-10-04 07:30:00	0
2010-10-04 10:30:00	0
2010-10-04 13:30:00	11.2353
2010-10-04 16:30:00	77.0681
2010-10-04 19:30:00	77.5342
2010-10-04 22:30:00	15.1029
2010-10-05 01:30:00	0
2010-10-05 04:30:00	0
2010-10-05 07:30:00	0
2010-10-05 10:30:00	0
2010-10-05 13:30:00	10.9424
2010-10-05 16:30:00	80.6094
2010-10-05 19:30:00	82.2897
2010-10-05 22:30:00	13.8242
2010-10-06 01:30:00	0
2010-10-06 04:30:00	0
2010-10-06 07:30:00	0
2010-10-06 10:30:00	0
2010-10-06 13:30:00	8.05019
2010-10-06 16:30:00	65.3757
2010-10-06 19:30:00	68.1888
2010-10-06 22:30:00	11.2015
2010-10-07 01:30:00	0
2010-10-07 04:30:00	0
2010-10-07 07:30:00	0
2010-10-07 10:30:00	0
2010-10-07 13:30:00	7.32668
2010-10-07 16:30:00	63.6943
2010-10-07 19:30:00	68.4509
2010-10-07 22:30:00	10.0051
2010-10-08 01:30:00	0
2010-10-08 04:30:00	0
2010-10-08 07:30:00	0
2010-10-08 10:30:00	0
2010-10-08 13:30:00	6.4126
2010-10-08 16:30:00	64.6048
2010-10-08 19:30:00	68.1716
2010-10-08 22:30:00	8.61441
2010-10-09 01:30:00	0
2010-10-09 04:30:00	0
2010-10-09 07:30:00	0
2010-10-09 10:30:00	0
2010-10-09 13:30:00	4.92465
2010-10-09 16:30:00	57.087
2010-10-09 19:30:00	59.7126
2010-10-09 22:30:00	6.8784
2010-10-10 01:30:00	0
2010-10-10 04:30:00	0
2010-10-10 07:30:00	0
2010-10-10 10:30:00	0
2010-10-10 13:30:00	4.07158
2010-10-10 16:30:00	55.6013
2010-10-10 19:30:00	58.9716
2010-10-10 22:30:00	5.96912
2010-10-11 01:30:00	0
2010-10-11 04:30:00	0
2010-10-11 07:30:00	0
2010-10-11 10:30:00	0
2010-10-11 13:30:00	3.31624
2010-10-11 16:30:00	47.1461
2010-10-11 19:30:00	46.799
2010-10-11 22:30:00	4.0948
2010-10-12 01:30:00	0
2010-10-12 04:30:00	0
2010-10-12 07:30:00	0
2010-10-12 10:30:00	0
2010-10-12 13:30:00	1.91328
2010-10-12 16:30:00	29.1688
2010-10-12 19:30:00	28.804
2010-10-12 22:30:00	2.12834
2010-10-13 01:30:00	0
2010-10-13 04:30:00	0
2010-10-13 07:30:00	0
2010-10-13 10:30:00	0
2010-10-13 13:30:00	1.26302
2010-10-13 16:30:00	25.9459
2010-10-13 19:30:00	32.2421
2010-10-13 22:30:00	2.56338
2010-10-14 01:30:00	0
2010-10-14 04:30:00	0
2010-10-14 07:30:00	0
2010-10-14 10:30:00	0
2010-10-14 13:30:00	1.03945
2010-10-14 16:30:00	25.4504
2010-10-14 19:30:00	27.5349
2010-10-14 22:30:00	1.65947
2010-10-15 01:30:00	0
2010-10-15 04:30:00	0
2010-10-15 07:30:00	0
2010-10-15 10:30:00	0
2010-10-15 13:30:00	0.769268
2010-10-15 16:30:00	24.5927
2010-10-15 19:30:00	27.4095
2010-10-15 22:30:00	1.31614
2010-10-16 01:30:00	0
2010-10-16 04:30:00	0
2010-10-16 07:30:00	0
2010-10-16 10:30:00	0
2010-10-16 13:30:00	0.59421
2010-10-16 16:30:00	27.5277
2010-10-16 19:30:00	28.941
2010-10-16 22:30:00	1.07645
2010-10-17 01:30:00	0
2010-10-17 04:30:00	0
2010-10-17 07:30:00	0
2010-10-17 10:30:00	0
2010-10-17 13:30:00	0.372025
2010-10-17 16:30:00	28.3314
2010-10-17 19:30:00	30.1233
2010-10-17 22:30:00	0.71887
2010-10-18 01:30:00	0
2010-10-18 04:30:00	0
2010-10-18 07:30:00	0
2010-10-18 10:30:00	0
2010-10-18 13:30:00	0
2010-10-18 16:30:00	25.9814
2010-10-18 19:30:00	26.9203
2010-10-18 22:30:00	0.387276
2010-10-19 01:30:00	0
2010-10-19 04:30:00	0
2010-10-19 07:30:00	0
2010-10-19 10:30:00	0
2010-10-19 13:30:00	0
2010-10-19 16:30:00	21.2457
2010-10-19 19:30:00	22.4813
2010-10-19 22:30:00	0.0181057
2010-10-20 01:30:00	0
2010-10-20 04:30:00	0
2010-10-20 07:30:00	0
2010-10-20 10:30:00	0
2010-10-20 13:30:00	0
2010-10-20 16:30:00	20.1312
2010-10-20 19:30:00	21.242
2010-10-20 22:30:00	0
2010-10-21 01:30:00	0
2010-10-21 04:30:00	0
2010-10-21 07:30:00	0
2010-10-21 10:30:00	0
2010-10-21 13:30:00	0
2010-10-21 16:30:00	17.7686
2010-10-21 19:30:00	19.0004
2010-10-21 22:30:00	0
2010-10-22 01:30:00	0
2010-10-22 04:30:00	0
2010-10-22 07:30:00	0
2010-10-22 10:30:00	0
2010-10-22 13:30:00	0
2010-10-22 16:30:00	11.8019
2010-10-22 19:30:00	12.0372
2010-10-22 22:30:00	0
2010-10-23 01:30:00	0
2010-10-23 04:30:00	0
2010-10-23 07:30:00	0
2010-10-23 10:30:00	0
2010-10-23 13:30:00	0
2010-10-23 16:30:00	9.99459
2010-10-23 19:30:00	11.3445
2010-10-23 22:30:00	0
2010-10-24 01:30:00	0
2010-10-24 04:30:00	0
2010-10-24 07:30:00	0
2010-10-24 10:30:00	0
2010-10-24 13:30:00	0
2010-10-24 16:30:00	10.9477
2010-10-24 19:30:00	11.8806
2010-10-24 22:30:00	0
2010-10-25 01:30:00	0
2010-10-25 04:30:00	0
2010-10-25 07:30:00	0
2010-10-25 10:30:00	0
2010-10-25 13:30:00	0
2010-10-25 16:30:00	9.41487
2010-10-25 19:30:00	10.3666
2010-10-25 22:30:00	0
2010-10-26 01:30:00	0
2010-10-26 04:30:00	0
2010-10-26 07:30:00	0
2010-10-26 10:30:00	0
2010-10-26 13:30:00	0
2010-10-26 16:30:00	7.49013
2010-10-26 19:30:00	8.01448
2010-10-26 22:30:00	0
2010-10-27 01:30:00	0
2010-10-27 04:30:00	0
2010-10-27 07:30:00	0
2010-10-27 10:30:00	0
2010-10-27 13:30:00	0
2010-10-27 16:30:00	5.49015
2010-10-27 19:30:00	5.88796
2010-10-27 22:30:00	0
2010-10-28 01:30:00	0
2010-10-28 04:30:00	0
2010-10-28 07:30:00	0
2010-10-28 10:30:00	0
2010-10-28 13:30:00	0
2010-10-28 16:30:00	4.08978
2010-10-28 19:30:00	4.45857
2010-10-28 22:30:00	0
2010-10-29 01:30:00	0
2010-10-29 04:30:00	0
2010-10-29 07:30:00	0
2010-10-29 10:30:00	0
2010-10-29 13:30:00	0
2010-10-29 16:30:00	2.88811
2010-10-29 19:30:00	3.1495
2010-10-29 22:30:00	0
2010-10-30 01:30:00	0
2010-10-30 04:30:00	0
2010-10-30 07:30:00	0
2010-10-30 10:30:00	0
2010-10-30 13:30:00	0
2010-10-30 16:30:00	1.94019
2010-10-30 19:30:00	2.08682
2010-10-30 22:30:00	0
2010-10-31 01:30:00	0
2010-10-31 04:30:00	0
2010-10-31 07:30:00	0
2010-10-31 10:30:00	0
2010-10-31 13:30:00	0
2010-10-31 16:30:00	0.767378
2010-10-31 19:30:00	0.879815
2010-10-31 22:30:00	0
2010-11-01 01:30:00	0
2010-11-01 04:30:00	0
2010-11-01 07:30:00	0
2010-11-01 10:30:00	0
2010-11-01 13:30:00	0
2010-11-01 16:30:00	0
2010-11-01 19:30:00	0
2010-11-01 22:30:00	0
2010-11-02 01:30:00	0
2010-11-02 04:30:00	0
2010-11-02 07:30:00	0
2010-11-02 10:30:00	0
2010-11-02 13:30:00	0
2010-11-02 16:30:00	0
2010-11-02 19:30:00	0
2010-11-02 22:30:00	0
2010-11-03 01:30:00	0
2010-11-03 04:30:00	0
2010-11-03 07:30:00	0
2010-11-03 10:30:00	0
2010-11-03 13:30:00	0
2010-11-03 16:30:00	0
2010-11-03 19:30:00	0
2010-11-03 22:30:00	0
2010-11-04 01:30:00	0
2010-11-04 04:30:00	0
2010-11-04 07:30:00	0
2010-11-04 10:30:00	0
2010-11-04 13:30:00	0
2010-11-04 16:30:00	0
2010-11-04 19:30:00	0
2010-11-04 22:30:00	0
2010-11-05 01:30:00	0
2010-11-05 04:30:00	0
2010-11-05 07:30:00	0
2010-11-05 10:30:00	0
2010-11-05 13:30:00	0
2010-11-05 16:30:00	0
2010-11-05 19:30:00	0
2010-11-05 22:30:00	0
2010-11-06 01:30:00	0
2010-11-06 04:30:00	0
2010-11-06 07:30:00	0
2010-11-06 10:30:00	0
2010-11-06 13:30:00	0
2010-11-06 16:30:00	0
2010-11-06 19:30:00	0
2010-11-06 22:30:00	0
2010-11-07 01:30:00	0
2010-11-07 04:30:00	0
2010-11-07 07:30:00	0
2010-11-07 10:30:00	0
2010-11-07 13:30:00	0
2010-11-07 16:30:00	0
2010-11-07 19:30:00	0
2010-11-07 22:30:00	0
2010-11-08 01:30:00	0
2010-11-08 04:30:00	0
2010-11-08 07:30:00	0
2010-11-08 10:30:00	0
2010-11-08 13:30:00	0
2010-11-08 16:30:00	0
2010-11-08 19:30:00	0
2010-11-08 22:30:00	0
2010-11-09 01:30:00	0
2010-11-09 04:30:00	0
2010-11-09 07:30:00	0
2010-11-09 10:30:00	0
2010-11-09 13:30:00	0
2010-11-09 16:30:00	0
2010-11-09 19:30:00	0
2010-11-09 22:30:00	0
2010-11-10 01:30:00	0
2010-11-10 04:30:00	0
2010-11-10 07:30:00	0
2010-11-10 10:30:00	0
2010-11-10 13:30:00	0
2010-11-10 16:30:00	0
2010-11-10 19:30:00	0
2010-11-10 22:30:00	0
2010-11-11 01:30:00	0
2010-11-11 04:30:00	0
2010-11-11 07:30:00	0
2010-11-11 10:30:00	0
2010-11-11 13:30:00	0
2010-11-11 16:30:00	0
2010-11-11 19:30:00	0
2010-11-11 22:30:00	0
2010-11-12 01:30:00	0
2010-11-12 04:30:00	0
2010-11-12 07:30:00	0
2010-11-12 10:30:00	0
2010-11-12 13:30:00	0
2010-11-12 16:30:00	0
2010-11-12 19:30:00	0
2010-11-12 22:30:00	0
2010-11-13 01:30:00	0
2010-11-13 04:30:00	0
2010-11-13 07:30:00	0
2010-11-13 10:30:00	0
2010-11-13 13:30:00	0
2010-11-13 16:30:00	0
2010-11-13 19:30:00	0
2010-11-13 22:30:00	0
2010-11-14 01:30:00	0
2010-11-14 04:30:00	0
2010-11-14 07:30:00	0
2010-11-14 10:30:00	0
2010-11-14 13:30:00	0
2010-11-14 16:30:00	0
2010-11-14 19:30:00	0
2010-11-14 22:30:00	0
2010-11-15 01:30:00	0
2010-11-15 04:30:00	0
2010-11-15 07:30:00	0
2010-11-15 10:30:00	0
2010-11-15 13:30:00	0
2010-11-15 16:30:00	0
2010-11-15 19:30:00	0
2010-11-15 22:30:00	0
2010-11-16 01:30:00	0
2010-11-16 04:30:00	0
2010-11-16 07:30:00	0
2010-11-16 10:30:00	0
2010-11-16 13:30:00	0
2010-11-16 16:30:00	0
2010-11-16 19:30:00	0
2010-11-16 22:30:00	0
2010-11-17 01:30:00	0
2010-11-17 04:30:00	0
2010-11-17 07:30:00	0
2010-11-17 10:30:00	0
2010-11-17 13:30:00	0
2010-11-17 16:30:00	0
2010-11-17 19:30:00	0
2010-11-17 22:30:00	0
2010-11-18 01:30:00	0
2010-11-18 04:30:00	0
2010-11-18 07:30:00	0
2010-11-18 10:30:00	0
2010-11-18 13:30:00	0
2010-11-18 16:30:00	0
2010-11-18 19:30:00	0
2010-11-18 22:30:00	0
2010-11-19 01:30:00	0
2010-11-19 04:30:00	0
2010-11-19 07:30:00	0
2010-11-19 10:30:00	0
2010-11-19 13:30:00	0
2010-11-19 16:30:00	0
2010-11-19 19:30:00	0
2010-11-19 22:30:00	0
2010-11-20 01:30:00	0
2010-11-20 04:30:00	0
2010-11-20 07:30:00	0
2010-11-20 10:30:00	0
2010-11-20 13:30:00	0
2010-11-20 16:30:00	0
2010-11-20 19:30:00	0
2010-11-20 22:30:00	0
2010-11-21 01:30:00	0
2010-11-21 04:30:00	0
2010-11-21 07:30:00	0
2010-11-21 10:30:00	0
2010-11-21 13:30:00	0
2010-11-21 16:30:00	0
2010-11-21 19:30:00	0
2010-11-21 22:30:00	0
2010-11-22 01:30:00	0
2010-11-22 04:30:00	0
2010-11-22 07:30:00	0
2010-11-22 10:30:00	0
2010-11-22 13:30:00	0
2010-11-22 16:30:00	0
2010-11-22 19:30:00	0
2010-11-22 22:30:00	0
2010-11-23 01:30:00	0
2010-11-23 04:30:00	0
2010-11-23 07:30:00	0
2010-11-23 10:30:00	0
2010-11-23 13:30:00	0
2010-11-23 16:30:00	0
2010-11-23 19:30:00	0
2010-11-23 22:30:00	0
2010-11-24 01:30:00	0
2010-11-24 04:30:00	0
2010-11-24 07:30:00	0
2010-11-24 10:30:00	0
2010-11-24 13:30:00	0
2010-11-24 16:30:00	0
2010-11-24 19:30:00	0
2010-11-24 22:30:00	0
2010-11-25 01:30:00	0
2010-11-25 04:30:00	0
2010-11-25 07:30:00	0
2010-11-25 10:30:00	0
2010-11-25 13:30:00	0
2010-11-25 16:30:00	0
2010-11-25 19:30:00	0
2010-11-25 22:30:00	0
2010-11-26 01:30:00	0
2010-11-26 04:30:00	0
2010-11-26 07:30:00	0
2010-11-26 10:30:00	0
2010-11-26 13:30:00	0
2010-11-26 16:30:00	0
2010-11-26 19:30:00	0
2010-11-26 22:30:00	0
2010-11-27 01:30:00	0
2010-11-27 04:30:00	0
2010-11-27 07:30:00	0
2010-11-27 10:30:00	0
2010-11-27 13:30:00	0
2010-11-27 16:30:00	0
2010-11-27 19:30:00	0
2010-11-27 22:30:00	0
2010-11-28 01:30:00	0
2010-11-28 04:30:00	0
2010-11-28 07:30:00	0
2010-11-28 10:30:00	0
2010-11-28 13:30:00	0
2010-11-28 16:30:00	0
2010-11-28 19:30:00	0
2010-11-28 22:30:00	0
2010-11-29 01:30:00	0
2010-11-29 04:30:00	0
2010-11-29 07:30:00	0
2010-11-29 10:30:00	0
2010-11-29 13:30:00	0
2010-11-29 16:30:00	0
2010-11-29 19:30:00	0
2010-11-29 22:30:00	0
2010-11-30 01:30:00	0
2010-11-30 04:30:00	0
2010-11-30 07:30:00	0
2010-11-30 10:30:00	0
2010-11-30 13:30:00	0
2010-11-30 16:30:00	0
2010-11-30 19:30:00	0
2010-11-30 22:30:00	0
2010-12-01 01:30:00	0
2010-12-01 04:30:00	0
2010-12-01 07:30:00	0
2010-12-01 10:30:00	0
2010-12-01 13:30:00	0
2010-12-01 16:30:00	0
2010-12-01 19:30:00	0
2010-12-01 22:30:00	0
2010-12-02 01:30:00	0
2010-12-02 04:30:00	0
2010-12-02 07:30:00	0
2010-12-02 10:30:00	0
2010-12-02 13:30:00	0
2010-12-02 16:30:00	0
2010-12-02 19:30:00	0
2010-12-02 22:30:00	0
2010-12-03 01:30:00	0
2010-12-03 04:30:00	0
2010-12-03 07:30:00	0
2010-12-03 10:30:00	0
2010-12-03 13:30:00	0
2010-12-03 16:30:00	0
2010-12-03 19:30:00	0
2010-12-03 22:30:00	0
2010-12-04 01:30:00	0
2010-12-04 04:30:00	0
2010-12-04 07:30:00	0
2010-12-04 10:30:00	0
2010-12-04 13:30:00	0
2010-12-04 16:30:00	0
2010-12-04 19:30:00	0
2010-12-04 22:30:00	0
2010-12-05 01:30:00	0
2010-12-05 04:30:00	0
2010-12-05 07:30:00	0
2010-12-05 10:30:00	0
2010-12-05 13:30:00	0
2010-12-05 16:30:00	0
2010-12-05 19:30:00	0
2010-12-05 22:30:00	0
2010-12-06 01:30:00	0
2010-12-06 04:30:00	0
2010-12-06 07:30:00	0
2010-12-06 10:30:00	0
2010-12-06 13:30:00	0
2010-12-06 16:30:00	0
2010-12-06 19:30:00	0
2010-12-06 22:30:00	0
2010-12-07 01:30:00	0
2010-12-07 04:30:00	0
2010-12-07 07:30:00	0
2010-12-07 10:30:00	0
2010-12-07 13:30:00	0
2010-12-07 16:30:00	0
2010-12-07 19:30:00	0
2010-12-07 22:30:00	0
2010-12-08 01:30:00	0
2010-12-08 04:30:00	0
2010-12-08 07:30:00	0
2010-12-08 10:30:00	0
2010-12-08 13:30:00	0
2010-12-08 16:30:00	0
2010-12-08 19:30:00	0
2010-12-08 22:30:00	0
2010-12-09 01:30:00	0
2010-12-09 04:30:00	0
2010-12-09 07:30:00	0
2010-12-09 10:30:00	0
2010-12-09 13:30:00	0
2010-12-09 16:30:00	0
2010-12-09 19:30:00	0
2010-12-09 22:30:00	0
2010-12-10 01:30:00	0
2010-12-10 04:30:00	0
2010-12-10 07:30:00	0
2010-12-10 10:30:00	0
2010-12-10 13:30:00	0
2010-12-10 16:30:00	0
2010-12-10 19:30:00	0
2010-12-10 22:30:00	0
2010-12-11 01:30:00	0
2010-12-11 04:30:00	0
2010-12-11 07:30:00	0
2010-12-11 10:30:00	0
2010-12-11 13:30:00	0
2010-12-11 16:30:00	0
2010-12-11 19:30:00	0
2010-12-11 22:30:00	0
2010-12-12 01:30:00	0
2010-12-12 04:30:00	0
2010-12-12 07:30:00	0
2010-12-12 10:30:00	0
2010-12-12 13:30:00	0
2010-12-12 16:30:00	0
2010-12-12 19:30:00	0
2010-12-12 22:30:00	0
2010-12-13 01:30:00	0
2010-12-13 04:30:00	0
2010-12-13 07:30:00	0
2010-12-13 10:30:00	0
2010-12-13 13:30:00	0
2010-12-13 16:30:00	0
2010-12-13 19:30:00	0
2010-12-13 22:30:00	0
2010-12-14 01:30:00	0
2010-12-14 04:30:00	0
2010-12-14 07:30:00	0
2010-12-14 10:30:00	0
2010-12-14 13:30:00	0
2010-12-14 16:30:00	0
2010-12-14 19:30:00	0
2010-12-14 22:30:00	0
2010-12-15 01:30:00	0
2010-12-15 04:30:00	0
2010-12-15 07:30:00	0
2010-12-15 10:30:00	0
2010-12-15 13:30:00	0
2010-12-15 16:30:00	0
2010-12-15 19:30:00	0
2010-12-15 22:30:00	0
2010-12-16 01:30:00	0
2010-12-16 04:30:00	0
2010-12-16 07:30:00	0
2010-12-16 10:30:00	0
2010-12-16 13:30:00	0
2010-12-16 16:30:00	0
2010-12-16 19:30:00	0
2010-12-16 22:30:00	0
2010-12-17 01:30:00	0
2010-12-17 04:30:00	0
2010-12-17 07:30:00	0
2010-12-17 10:30:00	0
2010-12-17 13:30:00	0
2010-12-17 16:30:00	0
2010-12-17 19:30:00	0
2010-12-17 22:30:00	0
2010-12-18 01:30:00	0
2010-12-18 04:30:00	0
2010-12-18 07:30:00	0
2010-12-18 10:30:00	0
2010-12-18 13:30:00	0
2010-12-18 16:30:00	0
2010-12-18 19:30:00	0
2010-12-18 22:30:00	0
2010-12-19 01:30:00	0
2010-12-19 04:30:00	0
2010-12-19 07:30:00	0
2010-12-19 10:30:00	0
2010-12-19 13:30:00	0
2010-12-19 16:30:00	0
2010-12-19 19:30:00	0
2010-12-19 22:30:00	0
2010-12-20 01:30:00	0
2010-12-20 04:30:00	0
2010-12-20 07:30:00	0
2010-12-20 10:30:00	0
2010-12-20 13:30:00	0
2010-12-20 16:30:00	0
2010-12-20 19:30:00	0
2010-12-20 22:30:00	0
2010-12-21 01:30:00	0
2010-12-21 04:30:00	0
2010-12-21 07:30:00	0
2010-12-21 10:30:00	0
2010-12-21 13:30:00	0
2010-12-21 16:30:00	0
2010-12-21 19:30:00	0
2010-12-21 22:30:00	0
2010-12-22 01:30:00	0
2010-12-22 04:30:00	0
2010-12-22 07:30:00	0
2010-12-22 10:30:00	0
2010-12-22 13:30:00	0
2010-12-22 16:30:00	0
2010-12-22 19:30:00	0
2010-12-22 22:30:00	0
2010-12-23 01:30:00	0
2010-12-23 04:30:00	0
2010-12-23 07:30:00	0
2010-12-23 10:30:00	0
2010-12-23 13:30:00	0
2010-12-23 16:30:00	0
2010-12-23 19:30:00	0
2010-12-23 22:30:00	0
2010-12-24 01:30:00	0
2010-12-24 04:30:00	0
2010-12-24 07:30:00	0
2010-12-24 10:30:00	0
2010-12-24 13:30:00	0
2010-12-24 16:30:00	0
2010-12-24 19:30:00	0
2010-12-24 22:30:00	0
2010-12-25 01:30:00	0
2010-12-25 04:30:00	0
2010-12-25 07:30:00	0
2010-12-25 10:30:00	0
2010-12-25 13:30:00	0
2010-12-25 16:30:00	0
2010-12-25 19:30:00	0
2010-12-25 22:30:00	0
2010-12-26 01:30:00	0
2010-12-26 04:30:00	0
2010-12-26 07:30:00	0
2010-12-26 10:30:00	0
2010-12-26 13:30:00	0
2010-12-26 16:30:00	0
2010-12-26 19:30:00	0
2010-12-26 22:30:00	0
2010-12-27 01:30:00	0
2010-12-27 04:30:00	0
2010-12-27 07:30:00	0
2010-12-27 10:30:00	0
2010-12-27 13:30:00	0
2010-12-27 16:30:00	0
2010-12-27 19:30:00	0
2010-12-27 22:30:00	0
2010-12-28 01:30:00	0
2010-12-28 04:30:00	0
2010-12-28 07:30:00	0
2010-12-28 10:30:00	0
2010-12-28 13:30:00	0
2010-12-28 16:30:00	0
2010-12-28 19:30:00	0
2010-12-28 22:30:00	0
2010-12-29 01:30:00	0
2010-12-29 04:30:00	0
2010-12-29 07:30:00	0
2010-12-29 10:30:00	0
2010-12-29 13:30:00	0
2010-12-29 16:30:00	0
2010-12-29 19:30:00	0
2010-12-29 22:30:00	0
2010-12-30 01:30:00	0
2010-12-30 04:30:00	0
2010-12-30 07:30:00	0
2010-12-30 10:30:00	0
2010-12-30 13:30:00	0
2010-12-30 16:30:00	0
2010-12-30 19:30:00	0
2010-12-30 22:30:00	0
2010-12-31 01:30:00	0
2010-12-31 04:30:00	0
2010-12-31 07:30:00	0
2010-12-31 10:30:00	0
2010-12-31 13:30:00	0
2010-12-31 16:30:00	0
2010-12-31 19:30:00	0
2010-12-31 22:30:00	0
